x,y,z
3.935231924,-5.618099689,5.434368134
2.498559952,-6.61752367,3.872767925
0.437247992,-5.305779934,2.248703957
5.184512138,-5.180851936,7.433216095
-1.062132001,-7.117235661,5.309439659
-0.062707998,-7.616947651,2.873343945
5.184512138,-3.806643963,-7.745535851
-2.436339855,-7.367091656,4.809727669
3.685375929,-4.556211948,5.059583664
4.247551918,-5.118387699,6.433792114
-1.561843991,-5.680563927,3.685375929
5.371903896,-4.930995941,6.933504105
2.873343945,-3.681715965,6.621183872
4.310015678,-2.994611979,-4.997119904
-0.812276006,-4.368819714,6.995967865
0.187391996,7.936587811,5.059583664
3.560447931,-3.806643963,7.558143616
2.186239958,-5.493171692,7.932928085
4.12262392,-3.806643963,4.247551918
-0.062707998,-7.866803646,3.810303926
3.060735941,-3.869107962,6.496255875
6.121471882,-2.93214798,7.308287621
-2.936051846,-6.61752367,5.309439659
5.559295654,-4.681139946,6.496255875
5.434368134,-5.493171692,7.870463848
-0.125172004,-6.742451668,5.934080124
3.060735941,-4.806067944,4.934656143
1.56159997,-2.994611979,5.621759892
1.499135971,-4.618675709,5.434368134
2.873343945,-4.681139946,6.683648109
1.748991966,-7.179699898,7.370751858
3.185663939,-4.056499958,-7.745535851
-0.874740005,-6.867379665,5.559295654
3.997695923,-5.618099689,-7.120895863
4.434944153,-4.993459702,-6.121471882
1.748991966,-5.180851936,5.122047901
0.936959982,-4.993459702,7.120895863
0.437247992,-5.430707932,7.558143616
0.687103987,-3.619251966,6.433792114
-0.312563986,-4.618675709,5.871615887
-0.999668002,-5.243315697,6.121471882
5.309439659,-5.055923939,7.370751858
0.312319994,6.874700069,6.246399879
1.499135971,-5.430707932,5.122047901
3.62291193,-5.930419922,6.80857563
-2.373875856,-4.868531704,5.371903896
0.374783993,-7.0547719,6.74611187
2.873343945,-4.431283951,6.246399879
0.249855995,-5.430707932,6.74611187
2.436095953,-7.492019653,6.371327877
0.437247992,-7.679411888,3.435519934
3.373055935,-4.556211948,6.74611187
1.748991966,-3.681715965,6.683648109
-0.874740005,-7.616947651,4.622335911
2.186239958,-2.93214798,-7.807999611
0.062463999,-3.619251966,7.058431625
3.310591936,-6.929843903,7.433216095
0.999423981,7.062091827,3.62291193
5.746687889,-4.930995941,-7.870463848
4.747263908,-4.306355953,7.24582386
0.49971199,-5.305779934,5.934080124
0.999423981,-2.807219982,5.621759892
3.248127937,-2.994611979,6.621183872
1.811455965,-3.93157196,5.559295654
1.998847961,-6.804915905,6.246399879
0.49971199,-7.616947651,3.810303926
3.560447931,-4.681139946,6.496255875
0.312319994,-6.55505991,4.372479916
-0.812276006,-6.11781168,3.997695923
2.123775959,-6.11781168,5.559295654
1.311743975,-5.867955685,6.059007645
0.874495983,-7.866803646,4.872191906
4.310015678,-6.305203915,5.621759892
-0.125172004,-6.055347919,4.559871674
1.56159997,-5.180851936,6.183936119
-0.437491983,-6.180275917,3.685375929
5.371903896,-2.307507992,6.558719635
-1.436915994,-5.430707932,5.621759892
1.56159997,-6.242739677,6.933504105
1.249279976,-3.369395971,7.308287621
5.434368134,-3.93157196,-6.933504105
1.998847961,-3.619251966,7.68307209
1.186815977,-6.055347919,5.871615887
4.247551918,-7.0547719,-7.370751858
5.309439659,-3.619251966,-6.621183872
-0.937204003,-6.305203915,5.496831894
2.873343945,-2.494899988,6.183936119
4.310015678,-6.055347919,-7.1833601
-0.937204003,-7.429555893,6.30886364
3.497983932,-5.930419922,7.620607853
4.12262392,-5.743027687,5.621759892
-1.561843991,-7.0547719,6.371327877
2.436095953,-5.867955685,6.995967865
-0.499955982,-3.806643963,4.060159683
2.623487949,-3.306931973,7.433216095
-0.437491983,-6.742451668,5.309439659
0.749567986,-6.367667675,7.308287621
-1.062132001,-5.243315697,5.746687889
1.811455965,-6.367667675,6.871039867
2.248703957,-7.117235661,5.559295654
-2.998515844,-7.179699898,4.497407913
2.685951948,-6.180275917,5.371903896
-0.187636003,-6.804915905,3.435519934
4.559871674,-4.868531704,3.810303926
4.434944153,-2.869683981,5.559295654
-0.999668002,-6.11781168,3.62291193
3.747839928,-1.932723999,7.68307209
5.559295654,-5.180851936,6.30886364
-0.562420011,-7.117235661,4.247551918
3.747839928,-4.556211948,5.371903896
2.873343945,-1.932723999,6.933504105
-0.125172004,-4.056499958,4.934656143
1.124351978,-4.556211948,-7.932928085
-1.311987996,-4.556211948,4.684800148
3.685375929,-4.368819714,-6.871039867
-3.310835838,-7.179699898,3.560447931
1.56159997,-6.367667675,6.621183872
1.998847961,-5.305779934,5.184512138
2.873343945,-7.304627895,4.934656143
3.810303926,-4.306355953,6.871039867
-0.437491983,-5.805491924,6.121471882
4.434944153,-4.743603706,-7.308287621
4.310015678,-3.556787968,6.558719635
-2.311411858,-6.367667675,4.434944153
2.935807943,-3.869107962,7.308287621
-1.187059999,-6.61752367,4.622335911
-0.250099987,-3.43185997,4.684800148
3.310591936,-4.930995941,7.495679855
-2.68619585,7.749196053,4.310015678
0.999423981,-7.866803646,4.497407913
4.809727669,-4.618675709,4.622335911
-2.68619585,-4.556211948,4.997119904
1.748991966,-4.306355953,6.371327877
-1.749235988,-3.494323969,4.185088158
3.497983932,-3.556787968,7.120895863
2.06131196,-3.057075977,7.120895863
-0.624884009,-6.492595673,6.121471882
2.623487949,-5.618099689,6.74611187
4.060159683,-4.681139946,4.872191906
-0.062707998,-2.93214798,5.996543884
-3.373299837,-5.055923939,3.810303926
-2.311411858,-6.929843903,3.997695923
2.685951948,-4.243891716,-7.24582386
0.999423981,-7.929267883,3.310591936
-3.560691833,-6.055347919,2.623487949
5.059583664,-3.057075977,5.309439659
0,-5.992883682,3.12319994
4.872191906,-4.181427956,7.308287621
4.559871674,-4.431283951,3.935231924
0,-7.117235661,3.12319994
1.624063969,-5.055923939,5.434368134
2.06131196,-6.804915905,4.747263908
-0.250099987,-4.368819714,3.310591936
-0.562420011,-5.493171692,2.685951948
-1.561843991,-6.11781168,6.30886364
-7.1833601,-4.618675709,7.308287621
-2.248947859,-7.0547719,4.684800148
1.748991966,-5.555635929,6.80857563
0.062463999,-4.868531704,5.184512138
4.372479916,-3.369395971,6.183936119
3.560447931,-2.120115995,6.933504105
-0.999668002,-5.743027687,5.621759892
5.434368134,-3.43185997,-7.558143616
3.373055935,-3.494323969,7.24582386
-0.000244,-7.804339886,4.622335911
4.060159683,-3.306931973,7.870463848
6.621183872,-5.305779934,7.433216095
-0.687348008,-4.993459702,4.747263908
4.684800148,-2.369971991,7.870463848
1.249279976,-4.806067944,3.62291193
-2.248947859,-5.743027687,5.309439659
2.623487949,-5.180851936,5.684224129
2.561023951,-5.867955685,5.184512138
5.371903896,-5.430707932,5.559295654
-2.811123848,-7.117235661,2.498559952
7.120895863,-4.806067944,7.120895863
1.56159997,-4.743603706,4.809727669
3.497983932,-4.431283951,4.060159683
0.49971199,-3.869107962,4.872191906
-0.125172004,-7.492019653,4.809727669
2.186239958,-4.118963718,6.496255875
0.249855995,-5.992883682,5.246975899
-3.560691833,-5.805491924,1.873919964
3.12319994,-4.681139946,-7.68307209
0.187391996,-5.305779934,4.872191906
-1.62430799,-3.182003975,4.434944153
3.497983932,-2.682291985,7.308287621
0.312319994,7.936587811,5.684224129
2.248703957,-6.305203915,6.995967865
5.996543884,-5.368243694,6.995967865
-1.561843991,-5.243315697,5.059583664
1.249279976,-3.806643963,4.12262392
-2.436339855,-5.118387699,4.747263908
3.872767925,-3.869107962,-7.058431625
-0.375027984,7.561803818,5.246975899
3.497983932,-6.742451668,6.933504105
2.123775959,-7.117235661,4.559871674
1.873919964,-5.055923939,7.308287621
1.186815977,-3.43185997,5.996543884
-1.499379992,-6.430131912,2.248703957
2.06131196,-4.868531704,4.872191906
-0.749812007,-5.805491924,4.185088158
2.685951948,-2.494899988,6.683648109
2.248703957,-4.368819714,-7.870463848
0.062463999,-6.180275917,4.060159683
3.810303926,-3.43185997,7.620607853
-0.250099987,-5.430707932,3.12319994
0.49971199,-6.742451668,3.435519934
2.748415947,-4.431283951,4.372479916
3.560447931,-6.679987907,3.810303926
-1.561843991,-5.618099689,3.497983932
3.935231924,-2.307507992,6.995967865
-1.62430799,-5.118387699,5.559295654
1.499135971,-4.493747711,-7.932928085
1.873919964,-3.369395971,6.30886364
1.499135971,-3.744179964,7.620607853
2.498559952,-2.369971991,-7.807999611
-1.749235988,-6.742451668,5.996543884
4.372479916,-4.368819714,-6.433792114
4.559871674,-5.243315697,5.434368134
-1.187059999,-5.618099689,5.746687889
3.62291193,-4.743603706,7.68307209
2.06131196,-2.682291985,6.30886364
-0.437491983,-4.306355953,4.559871674
1.374207973,-4.556211948,4.747263908
1.998847961,-1.245620012,5.559295654
0.562175989,-3.994035959,5.871615887
3.747839928,-3.306931973,7.058431625
-2.561267853,-4.243891716,7.058431625
2.561023951,-6.742451668,5.996543884
2.373631954,-5.118387699,4.372479916
2.998271942,-6.804915905,7.1833601
3.248127937,-4.056499958,4.247551918
-0.062707998,-6.55505991,4.434944153
7.1833601,-3.057075977,7.558143616
4.684800148,-4.118963718,5.184512138
-0.874740005,-5.680563927,4.934656143
1.499135971,-3.556787968,5.434368134
-2.248947859,-4.493747711,5.746687889
3.560447931,-1.245620012,5.809151649
-1.062132001,-4.806067944,6.80857563
-0.812276006,-4.993459702,6.371327877
6.558719635,-3.057075977,7.932928085
-0.999668002,-5.618099689,7.120895863
-0.125172004,6.624844074,4.872191906
2.748415947,-5.805491924,-7.495679855
-0.187636003,-5.493171692,5.559295654
-1.499379992,-5.305779934,5.059583664
0.687103987,-4.431283951,6.183936119
0.874495983,-6.367667675,6.371327877
2.873343945,-2.182579994,7.807999611
1.06188798,-4.993459702,6.059007645
0.312319994,-1.807796001,6.74611187
0.999423981,-4.493747711,6.871039867
-2.18648386,-6.055347919,4.497407913
5.059583664,-4.681139946,7.433216095
0.562175989,-7.804339886,6.059007645
0.624639988,-7.0547719,4.809727669
0.062463999,-6.367667675,5.496831894
2.623487949,-3.619251966,5.184512138
2.935807943,-4.243891716,4.747263908
-0.187636003,-5.992883682,4.310015678
6.30886364,-3.994035959,6.121471882
3.060735941,-2.744755983,-7.870463848
0.562175989,-6.55505991,2.186239958
4.872191906,-2.307507992,-7.24582386
5.246975899,-1.308084011,7.120895863
-1.999091983,-6.367667675,5.496831894
0.249855995,-4.243891716,7.620607853
4.372479916,-4.118963718,6.558719635
-1.062132001,-5.180851936,7.24582386
2.373631954,-3.43185997,4.934656143
1.873919964,-4.243891716,4.497407913
3.373055935,-4.431283951,7.433216095
-1.874163985,-4.618675709,4.622335911
1.686527967,-2.557363987,7.24582386
3.872767925,-3.744179964,6.683648109
0.374783993,-6.180275917,5.434368134
5.996543884,-4.681139946,-6.121471882
0.49971199,-4.993459702,2.810879946
2.873343945,-7.0547719,5.059583664
-0.125172004,-7.0547719,3.435519934
4.372479916,-5.680563927,5.746687889
2.561023951,-4.743603706,4.934656143
0.874495983,-6.367667675,2.998271942
-1.311987996,-4.493747711,5.434368134
3.310591936,-3.119539976,6.995967865
-0.375027984,-6.180275917,3.747839928
-1.561843991,-5.493171692,4.747263908
1.374207973,-5.743027687,4.684800148
1.374207973,-6.929843903,4.559871674
0.562175989,-7.429555893,3.435519934
5.934080124,-4.681139946,5.246975899
-0.062707998,-3.994035959,4.997119904
0.936959982,-3.43185997,7.68307209
0.124927998,-3.306931973,6.558719635
2.623487949,-2.557363987,7.1833601
-2.811123848,-3.869107962,5.246975899
1.249279976,-5.743027687,7.058431625
4.622335911,-2.557363987,6.496255875
-1.62430799,7.187019825,6.183936119
1.06188798,-6.679987907,3.497983932
2.186239958,-4.493747711,4.934656143
-0.375027984,-7.616947651,3.435519934
-0.937204003,-5.430707932,6.183936119
0.062463999,-1.308084011,6.933504105
-0.999668002,-5.118387699,4.684800148
1.624063969,-2.307507992,-6.995967865
4.934656143,-3.744179964,-7.308287621
0.249855995,-4.181427956,4.997119904
2.561023951,-2.494899988,-7.995391846
7.932928085,-4.181427956,-7.558143616
-0.000244,-5.243315697,6.558719635
1.873919964,-3.619251966,6.496255875
1.186815977,-6.867379665,3.497983932
2.748415947,-5.118387699,6.933504105
0.562175989,-7.616947651,5.184512138
-1.062132001,-6.679987907,2.998271942
4.684800148,-3.806643963,6.30886364
-0.375027984,-5.555635929,7.620607853
2.748415947,-4.930995941,7.620607853
1.873919964,-3.681715965,3.872767925
0.49971199,-2.869683981,5.746687889
2.123775959,-4.118963718,7.495679855
1.936383963,-5.368243694,7.433216095
4.497407913,-4.181427956,7.68307209
2.685951948,-6.742451668,7.807999611
-1.249523997,7.811659813,5.809151649
2.810879946,-7.616947651,6.995967865
1.936383963,-6.305203915,4.747263908
-0.937204003,-7.804339886,6.059007645
6.433792114,-6.11781168,4.434944153
-1.124596,-5.555635929,3.497983932
-0.624884009,-6.492595673,4.872191906
0.812031984,-4.618675709,5.809151649
1.998847961,-3.494323969,5.496831894
0.312319994,-3.306931973,7.558143616
-2.873587847,-5.930419922,5.621759892
2.561023951,-2.682291985,6.246399879
3.997695923,-3.869107962,5.871615887
-1.62430799,-4.618675709,5.996543884
0.374783993,-3.119539976,7.870463848
3.248127937,-4.930995941,7.495679855
-0.187636003,-4.806067944,-7.745535851
1.499135971,-6.61752367,6.121471882
1.936383963,-4.181427956,5.371903896
1.436671972,-6.430131912,6.995967865
1.998847961,-5.368243694,3.560447931
1.936383963,-5.180851936,6.558719635
0.812031984,-3.119539976,4.497407913
1.374207973,-4.556211948,5.809151649
-0.499955982,-5.368243694,4.997119904
3.248127937,-2.869683981,7.558143616
-1.436915994,-5.118387699,4.372479916
3.810303926,-4.493747711,6.74611187
2.561023951,-4.431283951,7.058431625
-0.499955982,-4.743603706,7.870463848
0.874495983,-5.118387699,5.371903896
-1.874163985,-3.43185997,6.433792114
4.684800148,-4.681139946,7.308287621
-0.749812007,-6.11781168,5.684224129
0.624639988,-6.929843903,4.622335911
3.060735941,-5.680563927,-7.558143616
-0.874740005,-6.11781168,4.934656143
1.311743975,-6.742451668,4.622335911
2.498559952,-4.181427956,6.933504105
-0.999668002,-4.681139946,3.935231924
-0.749812007,-5.305779934,5.996543884
0.562175989,-1.807796001,7.370751858
-1.811699986,-3.93157196,5.871615887
0.562175989,-3.619251966,7.308287621
1.186815977,-3.556787968,6.621183872
4.185088158,-3.057075977,7.745535851
3.185663939,-3.744179964,6.496255875
1.06188798,-6.992307663,7.558143616
2.436095953,-2.93214798,7.495679855
0.374783993,-5.243315697,7.120895863
1.374207973,-5.180851936,7.433216095
0.562175989,-5.867955685,5.371903896
6.059007645,-4.243891716,-6.995967865
3.373055935,-4.993459702,-7.370751858
-2.561267853,-6.305203915,4.12262392
3.560447931,-3.806643963,6.121471882
4.559871674,-3.994035959,6.995967865
-0.250099987,-7.741875648,4.12262392
3.060735941,-3.556787968,6.371327877
2.935807943,-5.618099689,5.809151649
-5.247220039,-6.11781168,6.30886364
2.935807943,-4.806067944,6.683648109
1.06188798,-4.056499958,5.934080124
-0.250099987,-4.868531704,6.74611187
1.686527967,-5.867955685,6.621183872
0.062463999,-4.243891716,5.246975899
3.060735941,-5.805491924,-7.932928085
0.874495983,-6.180275917,5.621759892
0.249855995,-5.180851936,7.24582386
2.373631954,-4.368819714,7.620607853
-2.18648386,-4.806067944,7.120895863
2.248703957,-4.806067944,-7.995391846
-1.249523997,-6.492595673,5.309439659
1.311743975,-4.806067944,5.184512138
4.497407913,-2.307507992,5.809151649
4.622335911,-4.181427956,-7.807999611
-0.437491983,-6.180275917,6.371327877
3.747839928,-3.306931973,-7.558143616
2.248703957,-6.929843903,-7.433216095
-0.375027984,-6.992307663,5.184512138
3.12319994,-5.243315697,7.558143616
3.560447931,-2.307507992,7.932928085
-1.561843991,-4.368819714,2.810879946
4.684800148,-3.93157196,-7.058431625
4.497407913,-1.620404005,7.620607853
0.687103987,-3.057075977,-7.807999611
2.248703957,-4.993459702,6.183936119
1.811455965,-5.867955685,6.246399879
0.624639988,-5.430707932,5.434368134
0.249855995,7.37441206,3.810303926
-0.125172004,-6.992307663,2.06131196
4.185088158,-2.557363987,6.121471882
0.812031984,-6.55505991,4.622335911
2.623487949,-4.431283951,6.371327877
1.436671972,-2.307507992,5.621759892
-0.437491983,-5.243315697,7.308287621
1.56159997,-4.618675709,7.308287621
1.998847961,-5.618099689,5.559295654
1.936383963,-4.493747711,7.495679855
2.373631954,-6.055347919,3.310591936
2.810879946,-4.868531704,6.871039867
4.185088158,-3.182003975,7.558143616
2.498559952,-2.557363987,5.934080124
-0.874740005,-5.680563927,4.934656143
4.060159683,-2.557363987,6.933504105
0.312319994,-5.118387699,5.059583664
0.936959982,7.624268055,4.372479916
2.373631954,-4.493747711,4.872191906
0.249855995,-3.369395971,5.434368134
1.748991966,-5.180851936,-7.745535851
0.249855995,-4.868531704,6.871039867
3.185663939,-1.932723999,6.871039867
5.559295654,-4.681139946,6.121471882
0.124927998,-7.429555893,6.246399879
4.809727669,-4.056499958,5.871615887
-1.561843991,-7.179699898,3.810303926
-1.936627984,7.749196053,4.12262392
2.935807943,-5.992883682,4.310015678
-0.624884009,-5.867955685,3.935231924
-0.000244,-5.368243694,2.935807943
4.247551918,-3.869107962,6.683648109
1.686527967,-7.179699898,6.183936119
0.49971199,-5.680563927,6.871039867
5.059583664,-7.242163658,7.120895863
1.436671972,-7.117235661,7.1833601
2.311167955,-5.867955685,6.121471882
2.248703957,-5.930419922,4.185088158
5.122047901,-4.930995941,-7.558143616
5.996543884,-3.182003975,7.495679855
0.562175989,-5.805491924,5.371903896
3.185663939,-4.181427956,-6.871039867
1.124351978,-3.619251966,7.058431625
2.248703957,-4.181427956,-7.495679855
0,-7.179699898,5.059583664
0.437247992,-5.743027687,7.68307209
4.684800148,-5.118387699,7.308287621
0.999423981,-5.867955685,3.872767925
0.249855995,-6.867379665,5.309439659
3.373055935,-2.307507992,7.24582386
-0.375027984,-6.305203915,4.684800148
4.809727669,-6.55505991,6.371327877
3.747839928,-4.368819714,5.934080124
0.624639988,-6.867379665,4.434944153
4.497407913,-5.992883682,5.371903896
5.184512138,-6.929843903,3.12319994
1.249279976,-7.0547719,5.809151649
0.562175989,-5.055923939,3.060735941
0.437247992,7.87412405,3.560447931
4.060159683,-3.806643963,5.246975899
0.749567986,-7.429555893,3.62291193
-0.624884009,-6.992307663,3.435519934
4.310015678,-4.306355953,6.059007645
0.936959982,-4.431283951,5.684224129
1.686527967,-3.556787968,-7.995391846
0.812031984,-2.245043993,3.997695923
3.060735941,-3.306931973,5.746687889
2.623487949,-4.056499958,6.871039867
1.499135971,-4.806067944,6.059007645
4.497407913,-4.993459702,6.371327877
0.312319994,-6.180275917,3.872767925
-0.187636003,-7.117235661,4.997119904
4.372479916,-5.305779934,6.183936119
0.749567986,-5.368243694,6.558719635
0,-6.867379665,4.185088158
4.997119904,-5.055923939,-6.683648109
-2.311411858,-3.994035959,3.62291193
0,-6.992307663,6.30886364
1.124351978,-3.306931973,7.558143616
1.311743975,-2.807219982,6.30886364
4.372479916,-5.805491924,7.120895863
1.998847961,-7.554483891,5.496831894
4.497407913,-6.430131912,7.745535851
2.998271942,-6.679987907,4.622335911
2.998271942,-3.244467974,6.621183872
2.873343945,-4.681139946,6.246399879
1.748991966,-4.056499958,7.058431625
2.498559952,-6.992307663,5.496831894
3.12319994,-4.618675709,7.120895863
-0.375027984,-5.118387699,3.935231924
2.186239958,-2.682291985,5.434368134
4.372479916,-2.494899988,6.496255875
-4.560115814,-4.368819714,6.683648109
3.997695923,-2.744755983,-7.24582386
3.997695923,-2.682291985,-6.246399879
1.936383963,-6.992307663,6.621183872
2.311167955,-4.993459702,-7.495679855
1.436671972,-3.244467974,3.810303926
2.748415947,-3.306931973,5.996543884
1.499135971,-7.304627895,4.12262392
0.062463999,7.499340057,4.684800148
2.748415947,-4.243891716,5.621759892
-2.436339855,-7.991731644,3.497983932
-0.000244,-4.743603706,6.683648109
4.060159683,-6.11781168,6.80857563
-0.250099987,-3.556787968,6.558719635
-0.312563986,-7.242163658,4.684800148
6.995967865,-4.930995941,6.433792114
0.49971199,-7.616947651,6.246399879
-1.999091983,-5.055923939,4.997119904
2.748415947,-4.493747711,3.935231924
1.374207973,-3.806643963,5.309439659
4.185088158,-3.806643963,6.121471882
2.998271942,-1.995187998,-7.995391846
-1.686771989,-4.556211948,1.873919964
4.809727669,-0.87083596,-7.308287621
5.621759892,-4.243891716,-5.684224129
1.748991966,-7.929267883,6.933504105
3.935231924,-3.494323969,4.747263908
0.187391996,-6.242739677,6.121471882
4.997119904,-2.869683981,-7.308287621
3.373055935,-5.867955685,6.621183872
-0.250099987,-6.180275917,5.184512138
4.622335911,-2.807219982,7.558143616
-1.999091983,-4.618675709,3.810303926
-0.312563986,-6.61752367,5.184512138
5.246975899,-4.868531704,6.433792114
-3.935475826,-7.304627895,4.12262392
-1.124596,-5.055923939,3.373055935
3.685375929,-3.306931973,6.30886364
1.124351978,-5.055923939,5.184512138
-1.936627984,-5.680563927,4.372479916
5.184512138,-4.806067944,5.559295654
0,-4.930995941,4.684800148
1.998847961,-4.306355953,5.871615887
2.998271942,-5.368243694,5.371903896
-1.999091983,-6.367667675,6.121471882
3.185663939,-4.681139946,4.185088158
1.936383963,-4.743603706,2.436095953
0.249855995,-5.243315697,3.12319994
5.059583664,-5.180851936,5.122047901
1.686527967,-3.744179964,3.747839928
4.060159683,-3.869107962,5.809151649
-2.561267853,-3.43185997,6.496255875
1.311743975,-5.368243694,6.80857563
5.871615887,-3.994035959,-6.30886364
1.311743975,-3.93157196,5.559295654
-1.561843991,-6.367667675,5.246975899
4.12262392,-3.744179964,-6.246399879
3.747839928,-7.304627895,5.496831894
0.49971199,-4.056499958,2.748415947
6.496255875,-1.995187998,7.745535851
-1.124596,-6.055347919,3.560447931
-0.125172004,-6.804915905,4.434944153
5.309439659,-2.93214798,-5.934080124
-2.561267853,-5.680563927,5.934080124
6.059007645,-3.369395971,-6.433792114
4.559871674,-3.681715965,6.683648109
-0.062707998,-7.304627895,-6.30886364
3.12319994,-6.992307663,6.621183872
6.496255875,-5.368243694,6.871039867
2.623487949,-4.493747711,6.433792114
-0.812276006,-7.179699898,4.747263908
0.687103987,-7.741875648,3.497983932
5.746687889,-4.243891716,6.246399879
-2.748659849,-6.61752367,6.433792114
-3.435763836,-5.680563927,6.183936119
5.746687889,-3.93157196,5.309439659
-2.623731852,-5.493171692,3.872767925
-4.497652054,-6.61752367,3.810303926
5.371903896,-6.492595673,-7.932928085
0.187391996,-5.305779934,4.934656143
2.311167955,-6.867379665,4.12262392
2.623487949,-6.305203915,6.183936119
0.936959982,-5.867955685,3.560447931
-2.436339855,-3.369395971,6.059007645
2.748415947,-2.557363987,7.68307209
-0.250099987,-4.431283951,6.871039867
6.121471882,-3.93157196,-7.807999611
4.247551918,-3.494323969,7.433216095
-1.811699986,-4.556211948,5.809151649
3.497983932,-5.493171692,-6.558719635
3.12319994,-2.682291985,6.30886364
0.374783993,-5.992883682,7.1833601
0,-4.181427956,6.183936119
3.560447931,-3.93157196,6.433792114
-3.373299837,-4.118963718,5.122047901
-1.811699986,-6.804915905,-6.433792114
3.185663939,-5.555635929,7.24582386
0.49971199,-6.742451668,4.997119904
0.562175989,-5.055923939,5.496831894
3.747839928,-4.493747711,7.807999611
-1.999091983,-5.618099689,2.623487949
-0.499955982,-4.993459702,3.685375929
1.873919964,-4.243891716,5.559295654
0.936959982,-4.930995941,4.559871674
-4.060403824,-6.492595673,6.30886364
4.497407913,-5.555635929,-6.371327877
-0.687348008,-2.93214798,7.807999611
2.623487949,-3.182003975,-7.370751858
3.310591936,-2.494899988,7.68307209
-0.874740005,-3.244467974,-7.68307209
7.370751858,-4.618675709,-5.684224129
1.374207973,-7.741875648,-7.68307209
-0.562420011,-4.618675709,5.496831894
5.746687889,-4.118963718,3.12319994
7.558143616,-2.869683981,5.309439659
-4.622580051,-5.555635929,2.685951948
5.246975899,-4.806067944,5.684224129
3.373055935,-7.242163658,7.495679855
-0.562420011,-6.61752367,4.997119904
-1.062132001,-6.367667675,-6.995967865
2.748415947,-7.304627895,6.933504105
2.935807943,-1.932723999,5.809151649
1.499135971,-3.306931973,-5.746687889
0.062463999,-7.179699898,7.807999611
4.747263908,-4.243891716,-7.870463848
2.498559952,-7.804339886,-7.807999611
6.871039867,-6.742451668,6.80857563
2.373631954,-6.11781168,4.872191906
3.747839928,-5.618099689,2.998271942
0.624639988,-4.743603706,1.624063969
-3.185907841,7.87412405,2.998271942
5.746687889,-7.616947651,7.370751858
1.624063969,-5.618099689,4.247551918
0.936959982,-6.867379665,5.184512138
3.747839928,-5.243315697,-7.495679855
4.559871674,-3.494323969,7.308287621
-1.561843991,-0.620979965,7.120895863
1.624063969,-2.307507992,-6.433792114
4.185088158,-2.245043993,-5.621759892
5.809151649,-3.057075977,-7.1833601
0.562175989,-5.743027687,5.309439659
3.62291193,-2.744755983,4.12262392
0.562175989,-4.118963718,7.058431625
-2.436339855,-7.304627895,3.685375929
4.934656143,-4.556211948,6.683648109
2.498559952,-3.369395971,6.433792114
-0.375027984,-7.0547719,7.120895863
2.06131196,-5.867955685,7.68307209
4.747263908,-3.306931973,7.807999611
2.623487949,-5.618099689,-7.1833601
0.749567986,-2.557363987,-7.807999611
1.686527967,-4.743603706,-7.24582386
4.372479916,-2.057651997,-7.058431625
3.872767925,-1.995187998,-7.68307209
1.811455965,-6.992307663,7.120895863
2.623487949,-7.929267883,4.934656143
2.623487949,-3.994035959,2.248703957
-0.125172004,-7.679411888,0.936959982
-3.123443842,-5.430707932,4.559871674
7.370751858,-6.742451668,5.309439659
-5.184755802,-5.555635929,3.62291193
0.187391996,5.875276089,4.684800148
4.809727669,-5.180851936,7.308287621
0.624639988,-5.805491924,-7.807999611
-4.685043812,-6.61752367,4.684800148
6.433792114,-1.308084011,7.807999611
0.437247992,-7.616947651,5.434368134
0.562175989,-4.993459702,4.434944153
2.810879946,-4.556211948,6.121471882
-0.000244,-7.616947651,5.996543884
0.49971199,-5.555635929,5.684224129
1.186815977,-5.180851936,0
0.749567986,-6.367667675,3.872767925
-1.311987996,-6.367667675,4.497407913
2.685951948,-3.119539976,5.559295654
7.120651722,-4.556211948,4.247551918
2.685951948,-6.180275917,7.495679855
5.184512138,-5.555635929,-5.122047901
-0.624884009,-2.307507992,-5.809151649
3.685375929,-2.869683981,-7.745535851
5.496831894,-4.431283951,-6.558719635
-2.498803854,-2.994611979,7.807999611
4.997119904,-4.368819714,-6.558719635
3.497983932,-4.493747711,3.935231924
-1.62430799,-7.741875648,3.310591936
5.059583664,-7.492019653,6.683648109
5.934080124,-6.305203915,6.246399879
0.187391996,7.624268055,3.185663939
2.873343945,-4.556211948,5.309439659
4.684800148,-3.806643963,-6.683648109
-1.999091983,7.686731815,7.807999611
2.685951948,-4.243891716,6.496255875
0.124927998,-7.242163658,7.745535851
-7.24582386,-4.056499958,-7.433216095
3.060735941,-3.93157196,1.624063969
0.249855995,-3.494323969,3.248127937
3.12319994,-6.929843903,6.246399879
3.560447931,-5.867955685,3.560447931
1.186815977,-5.055923939,3.935231924
-0.624884009,-6.55505991,4.872191906
5.184512138,-3.119539976,7.932928085
5.746687889,-3.869107962,-7.870463848
-0.375027984,-5.305779934,-6.80857563
6.933504105,-3.057075977,-5.122047901
6.059007645,-4.368819714,7.1833601
0.687103987,-4.681139946,4.12262392
-7.995391846,-4.806067944,-7.558143616
1.748991966,-3.994035959,1.56159997
1.936383963,-2.994611979,4.12262392
2.748415947,-2.744755983,4.185088158
2.06131196,-6.742451668,2.248703957
3.935231924,-5.867955685,5.871615887
0.49971199,-7.804339886,1.186815977
-0.499955982,-5.055923939,3.872767925
-1.436915994,-3.306931973,6.059007645
3.997695923,-1.433012009,7.932928085
0.687103987,-3.306931973,-4.872191906
2.498559952,-4.056499958,-6.558719635
3.560447931,-1.245620012,5.246975899
-7.558143616,-2.869683981,7.558143616
-0.562420011,-3.806643963,6.433792114
-6.496255875,-2.807219982,7.120895863
4.310015678,-3.43185997,4.747263908
2.873343945,-7.929267883,6.995967865
3.62291193,-5.430707932,4.434944153
-3.310835838,-5.055923939,0.874495983
-3.685619831,-7.367091656,2.935807943
3.685375929,-2.557363987,6.183936119
0,-5.805491924,6.496255875
-2.18648386,7.187019825,4.12262392
4.559871674,-3.057075977,-6.433792114
-1.811699986,-7.929267883,5.621759892
5.246975899,-5.618099689,-7.1833601
3.185663939,-3.744179964,-7.807999611
1.311743975,-3.869107962,-7.620607853
0.062463999,-6.992307663,5.371903896
3.872767925,-5.368243694,6.558719635
1.06188798,-6.679987907,5.184512138
0.249855995,-6.305203915,5.122047901
1.686527967,-5.743027687,0.999423981
-2.498803854,-3.994035959,1.686527967
-2.373875856,-5.118387699,7.495679855
4.060159683,-6.867379665,-7.932928085
-2.998515844,-6.305203915,7.495679855
-3.935475826,-5.493171692,3.685375929
5.184512138,-2.245043993,6.80857563
-1.499379992,-5.055923939,6.871039867
6.558719635,-2.619827986,-6.80857563
1.873919964,-1.433012009,3.997695923
-4.435187817,-4.243891716,2.998271942
6.80857563,-0.558515966,-7.68307209
5.184512138,-3.369395971,4.809727669
2.123775959,-6.11781168,4.372479916
0.437247992,-4.493747711,3.310591936
5.559295654,-5.305779934,6.683648109
-3.623155832,7.87412405,1.936383963
1.873919964,-5.992883682,-7.370751858
5.246975899,-4.368819714,7.932928085
0.874495983,-5.992883682,4.684800148
1.686527967,-5.305779934,-7.932928085
7.495679855,-1.932723999,-5.559295654
-0.437491983,-4.930995941,-7.370751858
3.497983932,-5.118387699,-7.870463848
3.810303926,-6.804915905,4.934656143
3.248127937,-4.806067944,6.558719635
5.496831894,-5.680563927,5.059583664
5.809151649,-4.556211948,4.872191906
0.249855995,-7.492019653,3.872767925
3.810303926,-3.681715965,5.996543884
3.185663939,-5.555635929,4.310015678
-2.498803854,-6.867379665,5.934080124
5.496831894,-6.929843903,7.558143616
-1.374451995,-6.742451668,-6.995967865
0.874495983,-4.681139946,-6.121471882
3.060735941,-4.930995941,-4.185088158
-2.873587847,-7.804339886,5.184512138
-3.24837184,-7.117235661,3.997695923
7.495679855,-5.930419922,-7.745535851
1.686527967,-4.431283951,5.996543884
-2.873587847,-5.243315697,1.936383963
2.748415947,-5.618099689,4.310015678
-1.561843991,-4.306355953,4.185088158
0.49971199,-7.616947651,2.685951948
2.123775959,7.87412405,4.559871674
-0.187636003,-5.930419922,6.621183872
-3.435763836,-2.557363987,5.246975899
1.249279976,-2.93214798,5.934080124
-2.68619585,-3.994035959,6.621183872
-1.124596,-3.681715965,-6.30886364
2.498559952,-4.493747711,-5.934080124
-2.311411858,-4.618675709,4.310015678
1.873919964,-4.493747711,5.871615887
4.622335911,-2.245043993,-4.872191906
0.874495983,-5.680563927,6.246399879
6.80857563,-2.869683981,-6.371327877
3.810303926,-5.118387699,-7.870463848
1.186815977,-4.493747711,5.246975899
-7.24582386,7.87412405,-7.620607853
-1.749235988,-3.619251966,1.686527967
4.559871674,-5.118387699,5.246975899
-1.374451995,7.311947823,3.310591936
0.249855995,-7.179699898,7.058431625
3.872767925,-6.367667675,5.684224129
-0.125172004,-4.556211948,2.810879946
-2.68619585,7.43687582,6.871039867
2.748415947,-4.306355953,-4.997119904
-4.185331821,-4.493747711,6.74611187
1.624063969,-3.43185997,-4.622335911
5.371903896,-4.556211948,-7.558143616
-3.185907841,-6.804915905,4.997119904
5.621759892,-4.306355953,5.871615887
2.123775959,-2.307507992,2.561023951
0,-6.804915905,5.684224129
3.560447931,-4.556211948,5.122047901
5.746687889,-3.869107962,4.12262392
-4.247796059,-7.304627895,4.247551918
0.749567986,-1.932723999,4.934656143
4.684800148,6.187595844,6.871039867
-0.812276006,-5.305779934,-7.495679855
3.248127937,-7.179699898,-5.871615887
4.310015678,-3.869107962,7.308287621
2.06131196,-2.494899988,-6.933504105
-1.249523997,-4.681139946,7.558143616
4.684800148,-5.368243694,-6.871039867
3.497983932,-3.306931973,6.621183872
3.310591936,-4.181427956,5.496831894
1.499135971,-5.555635929,3.872767925
-0.312563986,-4.681139946,3.373055935
3.685375929,-6.367667675,6.683648109
2.373631954,-7.367091656,3.935231924
-1.249523997,-5.867955685,-0.999668002
-0.062707998,-4.930995941,3.373055935
2.810879946,-7.741875648,7.745535851
-3.435763836,-4.806067944,4.12262392
-1.499379992,-6.430131912,5.746687889
3.435519934,-4.681139946,-6.933504105
6.059007645,-2.494899988,-7.120895863
-2.061555862,-6.742451668,6.246399879
2.186239958,-2.245043993,6.621183872
3.497983932,-5.305779934,4.372479916
1.998847961,-6.242739677,3.060735941
1.249279976,-6.430131912,3.560447931
3.560447931,-6.055347919,5.184512138
-3.810547829,7.936587811,2.373631954
2.123775959,-6.367667675,1.998847961
5.871615887,-6.055347919,-6.558719635
-5.247220039,-6.11781168,6.433792114
5.559295654,-3.43185997,5.996543884
5.246975899,-3.681715965,-7.495679855
-1.436915994,-4.556211948,-6.496255875
6.30886364,-6.492595673,-6.059007645
4.684800148,-3.369395971,-7.932928085
-0.874740005,-6.367667675,6.30886364
5.684224129,-5.805491924,7.120895863
4.497407913,-5.555635929,-7.495679855
-0.812276006,-2.994611979,5.746687889
4.247551918,-6.242739677,6.871039867
-2.124019861,-5.743027687,2.623487949
0.874495983,-5.118387699,6.183936119
3.560447931,-5.305779934,5.559295654
3.12319994,-2.93214798,-5.871615887
1.624063969,-2.93214798,7.24582386
-0.624884009,-6.867379665,-6.183936119
5.246975899,-4.118963718,-6.683648109
3.747839928,0.191295996,5.309439659
-2.248947859,-5.368243694,6.183936119
2.373631954,-4.556211948,4.684800148
5.122047901,-5.618099689,7.24582386
1.748991966,-6.804915905,4.747263908
2.561023951,-3.994035959,3.935231924
-1.62430799,-3.93157196,0.312319994
1.686527967,-6.11781168,0.49971199
4.684800148,-7.117235661,-0.187636003
0.562175989,-5.555635929,5.434368134
-2.623731852,-7.929267883,2.06131196
4.934656143,-2.057651997,6.621183872
5.059583664,-4.056499958,7.120895863
-1.874163985,-5.055923939,7.807999611
3.62291193,-4.930995941,7.308287621
-1.62430799,-3.494323969,4.809727669
0.062463999,-2.120115995,5.934080124
3.747839928,-4.056499958,4.684800148
1.499135971,-2.057651997,4.434944153
0.624639988,-4.618675709,5.871615887
5.809151649,-6.61752367,6.683648109
-3.997939825,7.624268055,1.56159997
0.374783993,-6.305203915,5.746687889
3.435519934,-4.868531704,6.433792114
-5.996788025,-3.994035959,4.434944153
-2.623731852,-4.118963718,4.434944153
3.248127937,-6.055347919,-7.870463848
-2.124019861,-5.805491924,5.184512138
4.434944153,-7.679411888,2.998271942
-0.375027984,-7.929267883,3.997695923
-4.809971809,-6.367667675,-6.74611187
-3.435763836,-3.119539976,-5.871615887
2.373631954,-3.057075977,-5.184512138
4.434944153,0.441151977,7.558143616
-0.000244,-2.369971991,-7.807999611
-6.74611187,-0.371123999,7.058431625
2.248703957,-5.493171692,4.185088158
-5.247220039,-7.179699898,3.310591936
2.498559952,7.811659813,3.62291193
7.308287621,7.561803818,3.435519934
-1.936627984,6.93716383,0.874495983
-0.624884009,-5.930419922,-0.125172004
-3.24837184,-4.930995941,-0.187636003
-2.18648386,5.313099861,4.622335911
0.874495983,-7.0547719,-7.558143616
-5.559539795,-5.243315697,-6.121471882
-3.373299837,-3.057075977,-7.68307209
3.497983932,-2.057651997,-4.497407913
-2.998515844,-1.932723999,-7.870463848
0.812031984,-2.307507992,4.185088158
5.871615887,-4.743603706,5.559295654
3.810303926,-4.118963718,5.309439659
0.187391996,-6.61752367,1.374207973
-0.437491983,-7.242163658,4.559871674
0.624639988,7.37441206,2.311167955
-6.433792114,-5.180851936,5.246975899
-3.310835838,7.062091827,5.996543884
3.560447931,-7.367091656,4.997119904
4.12262392,-2.307507992,-7.370751858
1.374207973,-3.43185997,-4.372479916
4.247551918,-5.930419922,-6.433792114
0.624639988,-0.933299959,-2.685951948
0.187391996,-0.496051997,-5.809151649
7.620607853,-1.308084011,5.934080124
-6.621183872,-2.369971991,6.183936119
-1.999091983,-2.494899988,2.186239958
-7.932928085,0.753471971,2.810879946
-0.125172004,-4.930995941,-0.624884009
-0.874740005,4.063819885,-1.561843991
3.248127937,4.438603878,-7.995391846
-3.560691833,-4.493747711,2.248703957
2.436095953,6.687307835,3.060735941
-0.312563986,-7.304627895,1.998847961
2.373631954,-5.680563927,6.121471882
3.185663939,-0.808371961,-7.1833601
-3.373299837,-4.368819714,-3.685375929
1.06188798,-1.807796001,-5.371903896
7.1833601,-2.182579994,6.74611187
-0.937204003,-2.682291985,3.435519934
5.621759892,2.81478405,5.371903896
2.748415947,-6.430131912,1.249279976
-0.937204003,-7.554483891,5.309439659
6.80857563,3.564107895,3.12319994
4.434944153,-6.679987907,6.74611187
-3.123443842,-5.867955685,7.558143616
5.684224129,-5.243315697,5.559295654
4.809727669,-7.304627895,7.308287621
-1.249523997,-5.930419922,3.747839928
7.24582386,-4.431283951,-6.683648109
-0.437491983,-1.745332003,6.496255875
-1.874163985,-3.182003975,-7.058431625
2.436095953,-4.431283951,-5.059583664
2.935807943,-0.558515966,5.871615887
2.561023951,-1.495476007,-0.312563986
2.498559952,-4.306355953,-3.498227835
5.184512138,-7.492019653,1.56159997
1.499135971,3.751499891,4.622335911
-5.372148037,6.687307835,4.997119904
4.872191906,-4.181427956,7.495679855
6.683648109,6.749772072,6.558719635
-4.060403824,-7.679411888,3.310591936
3.685375929,-7.179699898,-6.558719635
6.246399879,-2.057651997,-5.371903896
0.874495983,-2.807219982,-4.747263908
1.998847961,-1.745332003,-1.374207973
6.183936119,0.691007972,-3.872767925
0.312319994,-3.619251966,-7.495679855
7.495679855,1.378111959,-6.371327877
5.309439659,-1.058228016,4.684800148
-1.374451995,-2.120115995,1.249279976
7.308287621,-7.741875648,3.373055935
0.562175989,6.687307835,1.686527967
-3.810547829,-6.242739677,3.248127937
0.062463999,6.125132084,6.433792114
2.998271942,7.561803818,4.185088158
-0.437491983,-3.43185997,5.309439659
0.312319994,-1.620404005,-3.560447931
3.810303926,-2.682291985,-5.122047901
3.185663939,-5.867955685,-0.874495983
-3.24837184,-2.93214798,-4.872191906
6.371327877,-2.807219982,-4.934656143
-6.433792114,0.378687978,6.30886364
2.685951948,-1.433012009,0.874495983
5.122047901,-0.183732003,6.371327877
3.685375929,7.43687582,3.060735941
4.310015678,0.753228009,1.624063969
-0.812276006,7.187019825,1.499135971
0.124927998,-2.744755983,2.935807943
-0.749812007,-6.180275917,-7.370751858
4.247551918,-2.432435989,-7.807999611
5.809151649,-4.118963718,6.121471882
-0.812276006,-3.369395971,3.747839928
5.122047901,-5.680563927,7.558143616
5.434368134,-6.055347919,6.74611187
0.187391996,-7.866803646,5.621759892
-1.374451995,-6.61752367,4.060159683
0.874495983,-4.181427956,-7.24582386
1.249279976,-5.430707932,-7.932928085
0,-7.367091656,-7.932928085
0.187391996,-3.119539976,-6.433792114
2.311167955,-2.869683981,7.558143616
0.999423981,-5.118387699,-7.370751858
5.496831894,-3.619251966,7.370751858
2.436095953,-4.056499958,4.060159683
1.624063969,-4.056499958,4.997119904
4.809727669,-6.61752367,5.684224129
0.749567986,-5.743027687,5.122047901
4.684800148,-5.055923939,5.934080124
-0.749812007,-7.554483891,1.499135971
1.249279976,-6.305203915,5.621759892
-0.562420011,7.43687582,2.748415947
0.374783993,-3.43185997,5.684224129
4.310015678,-4.743603706,7.870463848
1.249279976,-7.429555893,-7.932928085
3.935231924,-6.804915905,-6.558719635
-7.308287621,-1.995187998,-5.122047901
0.187391996,-4.431283951,6.933504105
3.373055935,-4.431283951,7.24582386
3.310591936,-4.930995941,5.371903896
1.811455965,-2.93214798,4.060159683
3.685375929,-5.680563927,4.12262392
3.560447931,-7.179699898,5.059583664
-1.62430799,-7.991731644,1.998847961
3.935231924,-6.492595673,6.30886364
4.997119904,7.811659813,-7.120895863
-6.121716022,-6.492595673,2.623487949
0.936959982,-2.744755983,6.871039867
5.746687889,-3.994035959,-7.558143616
-3.24837184,-3.744179964,7.807999611
3.872767925,-3.306931973,-7.24582386
-3.935475826,-3.369395971,7.807999611
4.060159683,-3.744179964,-6.558719635
2.373631954,-7.117235661,-7.807999611
0.812031984,-2.994611979,4.684800148
4.310015678,-3.869107962,3.185663939
1.249279976,-7.304627895,4.12262392
-0.187636003,-4.868531704,4.497407913
5.496831894,7.062091827,4.12262392
-3.685619831,7.249484062,2.685951948
6.496255875,-3.182003975,-7.995391846
3.935231924,-4.806067944,-7.1833601
-1.249523997,-6.055347919,5.434368134
2.935807943,-6.992307663,6.80857563
3.373055935,-3.369395971,-6.496255875
-1.187059999,-4.618675709,-7.370751858
3.62291193,-4.243891716,7.807999611
4.434944153,-2.619827986,5.934080124
-0.687348008,-3.182003975,5.684224129
5.371903896,-2.807219982,5.871615887
4.809727669,-6.11781168,3.310591936
-2.68619585,-6.180275917,1.811455965
3.997695923,-4.806067944,5.684224129
3.872767925,-6.367667675,6.059007645
-6.371572018,-7.0547719,2.186239958
3.12319994,-4.681139946,6.933504105
0.187391996,-4.556211948,-6.74611187
4.12262392,-3.182003975,-7.370751858
-2.373875856,-5.805491924,-7.120895863
2.935807943,-3.057075977,-5.746687889
4.185088158,0.25375998,-6.371327877
-3.623155832,-2.869683981,6.80857563
4.310015678,-2.494899988,-7.995391846
5.621759892,-3.93157196,6.496255875
-0.562420011,-5.680563927,6.121471882
2.248703957,-5.305779934,4.310015678
4.434944153,-7.242163658,4.247551918
0.312319994,7.936587811,2.873343945
3.248127937,-3.681715965,4.497407913
-1.249523997,-7.179699898,4.872191906
-3.123443842,-5.992883682,3.310591936
4.934656143,-3.556787968,7.433216095
2.186239958,-3.369395971,-7.807999611
-2.311411858,-3.681715965,4.997119904
2.998271942,-3.244467974,6.371327877
3.310591936,-4.618675709,6.183936119
-2.498803854,-3.681715965,5.184512138
3.685375929,-5.305779934,3.060735941
1.686527967,-6.055347919,-0.250099987
3.435519934,-6.242739677,4.060159683
0.374783993,-7.304627895,3.435519934
3.248127937,-4.368819714,3.935231924
1.311743975,-7.367091656,4.247551918
-1.874163985,-5.930419922,5.496831894
2.186239958,-3.619251966,-6.371327877
1.06188798,-2.93214798,6.121471882
1.436671972,-5.867955685,6.871039867
0.124927998,-4.556211948,6.683648109
1.873919964,-0.433587998,-7.24582386
-1.374451995,7.249484062,6.80857563
-0.062707998,-6.11781168,6.496255875
-1.249523997,-5.430707932,3.997695923
-3.623155832,-3.369395971,6.683648109
3.310591936,-2.494899988,-4.809727669
-2.561267853,-2.369971991,5.496831894
0.687103987,-4.493747711,-7.745535851
0.687103987,-4.306355953,7.495679855
2.498559952,-2.807219982,4.934656143
-0.062707998,-2.994611979,3.685375929
0.374783993,-5.992883682,2.436095953
2.810879946,-3.369395971,4.747263908
0.562175989,-7.866803646,4.060159683
0.312319994,-7.429555893,3.373055935
0.312319994,-3.869107962,5.246975899
-0.250099987,-5.992883682,7.308287621
1.811455965,-6.492595673,7.932928085
1.811455965,-6.367667675,7.68307209
1.998847961,-7.179699898,-7.433216095
2.373631954,-5.180851936,-6.683648109
-0.312563986,-2.807219982,5.309439659
2.873343945,-5.618099689,-7.745535851
-0.250099987,-4.868531704,4.684800148
1.624063969,-2.807219982,4.684800148
-0.624884009,-4.118963718,3.997695923
-3.623155832,-5.243315697,1.499135971
4.997119904,-6.679987907,1.374207973
-3.185907841,-7.929267883,4.684800148
-1.374451995,-6.679987907,4.809727669
4.747263908,-4.743603706,7.120895863
-3.373299837,-5.867955685,4.684800148
-3.123443842,-3.369395971,-6.871039867
5.496831894,-6.492595673,-5.996543884
-0.499955982,-4.743603706,5.309439659
0,-1.37054801,-6.371327877
2.561023951,-4.181427956,7.558143616
0.624639988,-2.869683981,5.309439659
-7.932928085,-4.493747711,6.683648109
6.121471882,-3.806643963,6.30886364
-2.311411858,-3.681715965,4.185088158
3.810303926,-5.493171692,3.62291193
5.621759892,7.311947823,4.247551918
-0.999668002,-7.991731644,4.497407913
4.310015678,-6.804915905,6.74611187
-2.68619585,-2.994611979,5.934080124
0.249855995,-5.055923939,7.1833601
-1.249523997,-7.741875648,-7.807999611
-0.499955982,-4.306355953,-7.24582386
2.810879946,-2.807219982,-6.80857563
-0.437491983,-2.494899988,6.433792114
-5.80939579,-3.43185997,3.872767925
-7.24582386,-2.994611979,5.809151649
0.312319994,-6.367667675,5.184512138
-4.747508049,-5.118387699,0.874495983
4.872191906,-5.180851936,5.246975899
-2.248947859,6.874700069,3.185663939
-3.498227835,7.124556065,3.497983932
-0.437491983,-4.243891716,4.622335911
-3.310835838,-5.493171692,3.810303926
-3.810547829,7.311947823,7.120895863
2.248703957,-4.431283951,-7.620607853
-1.62430799,7.187019825,6.433792114
2.810879946,-1.557940006,-7.308287621
5.996543884,-4.306355953,7.308287621
-1.999091983,-2.057651997,6.558719635
-7.68307209,-4.118963718,7.308287621
5.934080124,-6.367667675,4.310015678
1.06188798,-4.118963718,2.123775959
1.811455965,-3.744179964,2.748415947
0.124927998,5.250636101,4.310015678
1.06188798,-4.306355953,4.185088158
1.686527967,-6.055347919,3.685375929
-1.187059999,-5.430707932,7.370751858
2.436095953,-4.556211948,5.684224129
0.624639988,-5.805491924,-6.621183872
4.497407913,-5.930419922,-6.433792114
-1.561843991,-6.367667675,-7.558143616
2.311167955,-6.61752367,4.434944153
6.121471882,-3.994035959,-7.24582386
-0.937204003,-4.681139946,6.433792114
5.184512138,-5.305779934,-7.24582386
2.810879946,-1.682868004,4.060159683
3.62291193,-0.620979965,6.621183872
-2.248947859,-4.743603706,5.184512138
1.624063969,-4.993459702,4.497407913
0.624639988,-6.679987907,3.685375929
-3.310835838,-5.867955685,5.059583664
3.497983932,-5.930419922,6.80857563
6.558719635,-6.055347919,-7.495679855
-3.060979843,-6.367667675,7.495679855
2.748415947,-4.743603706,6.933504105
4.622335911,-3.93157196,6.059007645
-0.312563986,-2.307507992,5.621759892
5.122047901,-4.118963718,-7.120895863
3.435519934,-1.682868004,7.932928085
-1.874163985,-1.682868004,5.122047901
1.686527967,-3.556787968,4.185088158
7.807999611,-5.055923939,7.68307209
-1.874163985,7.062091827,3.310591936
0.312319994,-5.243315697,4.747263908
0.687103987,-4.868531704,3.935231924
6.433792114,-3.806643963,4.997119904
-0.687348008,-5.180851936,1.436671972
-1.749235988,-7.117235661,4.247551918
3.373055935,-5.430707932,3.62291193
-0.687348008,-5.368243694,6.183936119
-2.311411858,-4.993459702,7.495679855
3.435519934,-5.743027687,-7.558143616
2.623487949,-4.743603706,6.933504105
4.310015678,-3.93157196,-7.370751858
0.062463999,-4.930995941,3.435519934
3.935231924,-1.620404005,6.059007645
5.559295654,-5.305779934,-6.933504105
-0.499955982,-5.493171692,7.932928085
3.12319994,-4.243891716,4.247551918
2.311167955,-1.682868004,4.747263908
3.810303926,-7.117235661,6.558719635
3.310591936,-7.179699898,3.248127937
3.560447931,-7.616947651,7.24582386
-0.312563986,-6.11781168,6.433792114
-2.561267853,-3.369395971,5.621759892
4.310015678,-6.242739677,-6.80857563
1.06188798,-6.867379665,6.30886364
4.12262392,-2.557363987,-6.80857563
5.246975899,-0.683443964,7.807999611
-1.999091983,-4.868531704,-5.371903896
5.809151649,-4.930995941,-7.433216095
1.186815977,-5.867955685,6.183936119
0.49971199,-3.494323969,5.246975899
3.62291193,-6.55505991,5.122047901
-2.18648386,-5.680563927,4.060159683
1.311743975,-6.992307663,3.497983932
5.371903896,-6.929843903,6.558719635
-1.811699986,-5.867955685,4.247551918
-5.80939579,-4.993459702,5.059583664
5.434368134,-1.807796001,-7.1833601
2.685951948,-6.305203915,7.932928085
0.49971199,-4.306355953,-7.995391846
5.684224129,-3.057075977,-4.185088158
0.124927998,-1.745332003,7.620607853
1.311743975,-4.806067944,6.933504105
5.621759892,-7.616947651,6.183936119
3.497983932,-4.181427956,5.934080124
0.999423981,-2.182579994,2.623487949
2.810879946,-5.555635929,3.310591936
1.936383963,-7.0547719,2.935807943
6.059007645,-5.555635929,-7.807999611
-2.373875856,-7.616947651,4.872191906
6.121471882,-3.556787968,6.496255875
-2.748659849,-6.430131912,6.621183872
-1.499379992,-6.305203915,6.995967865
7.870463848,-6.180275917,-7.620607853
-1.249523997,-4.306355953,6.558719635
-0.562420011,-4.056499958,-6.74611187
3.810303926,-1.120692015,-5.559295654
-1.999091983,-2.682291985,7.932928085
-0.999668002,-5.180851936,6.433792114
6.059007645,-4.056499958,-7.1833601
0.936959982,-3.806643963,4.185088158
1.374207973,-7.616947651,3.872767925
3.310591936,-7.117235661,-7.1833601
-0.749812007,5.438027859,3.997695923
-0.000244,-7.929267883,5.059583664
6.496255875,-3.744179964,-7.620607853
-0.062707998,-6.305203915,7.932928085
-0.375027984,-3.681715965,-7.620607853
2.998271942,-3.744179964,-5.996543884
2.748415947,-1.183156013,-5.621759892
3.997695923,-3.93157196,-7.995391846
0.687103987,-4.806067944,6.558719635
6.371327877,-4.118963718,5.559295654
0.936959982,-6.180275917,2.623487949
2.248703957,-7.804339886,4.872191906
4.247551918,-7.679411888,5.809151649
-1.749235988,6.812235832,1.374207973
-0.000244,6.749772072,4.872191906
0.437247992,-4.493747711,1.748991966
1.124351978,-6.180275917,4.809727669
1.998847961,-6.055347919,7.495679855
3.560447931,-2.120115995,-6.246399879
-0.125172004,-6.242739677,7.1833601
0.249855995,-5.055923939,7.308287621
5.434368134,-3.744179964,-4.934656143
-0.312563986,-4.556211948,-7.120895863
-1.311987996,-5.118387699,3.997695923
4.872191906,-3.244467974,6.30886364
0.124927998,-3.306931973,2.123775959
1.811455965,-4.181427956,6.30886364
2.311167955,-7.616947651,7.495679855
0.062463999,-5.618099689,4.872191906
-0.062707998,-7.679411888,6.371327877
1.748991966,7.749196053,4.434944153
2.186239958,-6.430131912,7.120895863
0,-6.492595673,5.496831894
4.747263908,-5.180851936,6.995967865
0.812031984,-2.744755983,-7.807999611
2.623487949,-3.182003975,-7.995391846
3.810303926,-3.369395971,-5.809151649
-0.812276006,-2.744755983,6.80857563
4.684800148,-4.118963718,5.122047901
1.873919964,-1.120692015,6.683648109
5.496831894,-3.369395971,5.371903896
-3.810547829,-3.806643963,5.184512138
-4.185331821,-5.805491924,5.684224129
7.1833601,-4.681139946,7.058431625
0.374783993,-5.243315697,4.684800148
4.434944153,-6.679987907,3.248127937
-4.247796059,-5.430707932,4.809727669
3.560447931,-5.368243694,5.059583664
-5.184755802,-5.555635929,5.684224129
-1.374451995,-2.307507992,-7.495679855
-4.684800148,-2.557363987,-6.74611187
-4.185331821,-3.93157196,6.30886364
1.873919964,-3.182003975,-6.121471882
6.933504105,-6.055347919,6.496255875
-1.561843991,-5.930419922,6.558719635
-4.809971809,-5.867955685,7.68307209
3.248127937,-1.433012009,5.996543884
6.183936119,-2.182579994,3.560447931
-3.560691833,-4.056499958,-2.373875856
1.311743975,-3.994035959,5.371903896
-4.622580051,-5.493171692,-7.370751858
-3.74808383,5.937739849,5.871615887
-1.936627984,-7.804339886,-6.80857563
-5.80939579,-3.119539976,6.371327877
4.310015678,1.627967954,1.686527967
6.621183872,-5.055923939,4.559871674
-3.310835838,-5.680563927,6.246399879
4.622335911,-4.993459702,-6.80857563
-5.622004032,-7.242163658,6.871039867
0.49971199,-3.369395971,-5.934080124
-7.1833601,0.003904,7.495679855
-7.058431625,-1.995187998,2.06131196
7.620607853,-6.430131912,1.311743975
-5.74693203,6.687307835,-1.062132001
-2.311411858,6.749772072,2.748415947
6.059007645,-7.866803646,3.747839928
-2.311411858,-5.743027687,-6.80857563
-6.933747768,-4.806067944,-5.309439659
0.374783993,-3.994035959,-7.370751858
6.183936119,-0.620979965,-7.995391846
0.749567986,-1.995187998,5.371903896
1.311743975,-2.120115995,6.74611187
-4.310259819,-5.805491924,6.995967865
-5.559539795,7.062091827,7.620607853
-0.437491983,-5.368243694,7.932928085
2.373631954,-2.494899988,6.74611187
2.248703957,-5.430707932,0
0.124927998,4.563531876,-1.499379992
-0.999668002,7.43687582,1.686527967
-0.125172004,-7.0547719,-7.495679855
-2.623731852,7.749196053,6.74611187
-2.748659849,-6.055347919,-4.497407913
2.935807943,2.190144062,7.870463848
-6.995967865,-0.808371961,7.495679855
4.809727669,0.503615975,3.12319994
-0.437491983,-4.243891716,3.935231924
2.498559952,-2.93214798,-5.871615887
1.186815977,-3.244467974,6.995967865
0.812031984,-6.055347919,-6.246399879
-0.562420011,-7.304627895,-6.496255875
7.058431625,1.128255963,-7.870463848
-5.684224129,-1.058228016,5.746687889
0.999423981,5.438027859,-0.187636003
2.685951948,7.062091827,3.248127937
-3.060979843,7.124556065,5.122047901
-1.124596,-6.992307663,4.372479916
3.310591936,-4.118963718,5.621759892
3.810303926,-5.305779934,5.496831894
5.934080124,-2.432435989,7.870463848
6.558719635,-6.742451668,-7.433216095
2.186239958,-4.181427956,-7.870463848
-2.061555862,-4.681139946,4.185088158
2.685951948,-7.616947651,7.495679855
-1.686771989,-5.805491924,7.1833601
-7.308531761,6.374988079,5.059583664
0.812031984,-4.118963718,3.060735941
-4.372724056,-2.619827986,4.497407913
-2.436339855,-1.995187998,-0.312563986
6.121471882,-2.682291985,2.998271942
5.746687889,-1.058228016,6.80857563
-3.685375929,-1.87026,5.184512138
-5.559539795,-7.304627895,4.434944153
7.370507717,-6.929843903,5.496831894
-6.558963776,7.062091827,-6.30886364
-6.621183872,-6.61752367,-7.932928085
6.871039867,-3.556787968,6.74611187
4.12262392,-1.745332003,5.184512138
0.437247992,-3.369395971,1.998847961
5.996543884,-3.619251966,-6.933504105
-2.311411858,-6.55505991,6.246399879
-2.811123848,-7.304627895,3.747839928
-7.058431625,7.124556065,4.809727669
-2.873587847,4.31367588,0.687103987
-1.62430799,-6.180275917,0
1.311743975,7.624268055,3.872767925
-0.437491983,-7.741875648,2.498559952
0.49971199,-4.618675709,3.373055935
2.748415947,-0.933299959,-6.621183872
1.624063969,-6.430131912,-7.558143616
4.247551918,-4.493747711,-4.559871674
2.06131196,-1.058228016,5.246975899
-0.062707998,0.128831998,6.496255875
6.30886364,-5.055923939,-7.120895863
1.811455965,-7.554483891,7.745535851
0.562175989,-6.430131912,4.559871674
-3.185907841,-5.180851936,3.310591936
-2.623731852,-4.556211948,0.874495983
6.683648109,-4.056499958,6.30886364
-2.68619585,-5.930419922,4.622335911
-2.936051846,-3.93157196,5.746687889
3.997695923,-3.182003975,-7.807999611
-2.373875856,-2.369971991,5.059583664
0.624639988,-3.681715965,-7.495679855
5.309439659,-4.118963718,-7.807999611
0.187391996,-2.307507992,7.620607853
-0.999668002,-7.741875648,3.747839928
5.809151649,-4.056499958,4.497407913
0.874495983,-6.055347919,2.561023951
-0.499955982,-5.368243694,4.372479916
6.121471882,-7.117235661,5.371903896
-1.749235988,-5.680563927,3.12319994
2.685951948,-5.680563927,5.434368134
2.123775959,-4.868531704,6.30886364
1.998847961,-5.493171692,5.746687889
2.498559952,-7.679411888,-7.620607853
2.123775959,-5.180851936,-6.995967865
2.748415947,-2.182579994,-7.495679855
0.874495983,-4.681139946,-7.370751858
-3.435763836,-4.930995941,4.247551918
6.121471882,-2.369971991,7.058431625
3.935231924,-6.430131912,5.434368134
1.686527967,-6.992307663,3.497983932
4.310015678,-5.618099689,4.809727669
-1.124596,-6.867379665,-0.312563986
3.310591936,-7.679411888,4.12262392
6.30886364,-5.055923939,5.371903896
-1.249523997,-7.0547719,6.683648109
-1.374451995,-6.867379665,6.74611187
-1.311987996,-3.619251966,4.747263908
-2.18648386,7.43687582,4.622335911
-1.249523997,-6.992307663,7.807999611
-6.933504105,-3.869107962,-6.558719635
-0.375027984,-4.118963718,-5.871615887
1.936383963,-2.182579994,-4.434944153
0.812031984,-4.181427956,-7.870463848
3.560447931,-4.868531704,5.684224129
4.497407913,-6.492595673,-6.621183872
-1.124596,-6.180275917,3.810303926
3.497983932,-4.743603706,4.310015678
-4.997364044,-4.181427956,0.999423981
-2.561267853,-5.743027687,6.121471882
3.872767925,-2.93214798,6.371327877
-2.061555862,-7.429555893,6.558719635
-2.561267853,7.811659813,5.934080124
3.62291193,-3.244467974,-7.558143616
0.312319994,-6.679987907,4.060159683
2.06131196,-4.743603706,6.496255875
5.184512138,-3.806643963,-5.809151649
1.249279976,-3.744179964,-7.745535851
-1.249523997,-2.869683981,6.74611187
3.997695923,-5.430707932,-7.68307209
-1.499379992,-2.682291985,5.309439659
-3.560691833,-3.93157196,4.434944153
-7.24582386,-6.305203915,5.934080124
-3.74808383,-7.117235661,4.247551918
1.124351978,-3.369395971,5.434368134
-0.749812007,-5.368243694,2.873343945
0.249855995,-1.682868004,6.121471882
-0.499955982,-5.867955685,5.434368134
3.997695923,-7.0547719,-7.620607853
3.497983932,-3.119539976,-5.746687889
-1.999091983,-3.869107962,6.621183872
-1.124596,-4.681139946,-7.807999611
5.309439659,-2.869683981,-7.932928085
3.997695923,-5.555635929,7.932928085
-2.311411858,-3.306931973,4.684800148
3.685375929,-4.556211948,2.873343945
-1.311987996,7.624268055,0.687103987
1.936383963,-7.679411888,7.058431625
4.497407913,-7.242163658,7.870463848
-1.499379992,-5.493171692,3.185663939
-4.872436047,-5.243315697,4.060159683
3.997695923,-4.556211948,6.496255875
0,-3.93157196,7.1833601
6.30886364,-5.368243694,-5.059583664
3.185663939,7.124556065,-7.120895863
2.810879946,-4.118963718,-7.745535851
6.183936119,-2.619827986,-7.058431625
0.249855995,-3.119539976,5.059583664
7.68307209,-5.493171692,6.80857563
-3.498227835,-6.992307663,3.435519934
-2.248947859,-5.743027687,5.371903896
3.497983932,-5.430707932,3.373055935
-2.498803854,-5.743027687,3.435519934
-1.187059999,7.43687582,5.246975899
3.185663939,-3.556787968,7.120895863
-5.122292042,-4.618675709,7.870463848
-1.561843991,-5.555635929,3.248127937
-7.1833601,-5.430707932,-7.370751858
4.185088158,7.249484062,-7.308287621
-0.000244,-4.181427956,7.807999611
2.748415947,-5.493171692,-7.558143616
-3.997939825,-4.743603706,4.684800148
5.746687889,-5.368243694,7.495679855
7.370751858,-4.118963718,5.496831894
2.561023951,-5.618099689,3.185663939
2.685951948,-6.61752367,5.871615887
3.060735941,-6.61752367,5.996543884
-0.499955982,-5.118387699,1.998847961
0.749567986,-5.430707932,5.496831894
-0.499955982,-4.743603706,7.932928085
0.437247992,-3.744179964,6.496255875
5.871615887,-3.806643963,-7.620607853
4.684800148,-4.431283951,-6.621183872
-1.811699986,-4.993459702,7.1833601
2.623487949,-6.430131912,7.870463848
4.934656143,-4.618675709,-6.871039867
-3.810547829,-4.930995941,6.246399879
3.747839928,-5.867955685,5.621759892
5.559295654,-4.806067944,5.496831894
-0.312563986,-4.181427956,5.184512138
3.685375929,-3.556787968,5.122047901
0.374783993,7.624268055,5.684224129
2.248703957,-7.242163658,7.058431625
-0.937204003,-6.305203915,5.371903896
4.247551918,-2.93214798,7.24582386
5.059583664,-4.118963718,5.309439659
-3.810547829,-6.367667675,2.311167955
3.373055935,-4.118963718,-7.995391846
5.496831894,-4.868531704,-7.995391846
-2.436339855,-5.618099689,4.809727669
7.120895863,-6.867379665,7.932928085
3.810303926,-4.993459702,6.871039867
-0.937204003,-4.118963718,4.434944153
5.809151649,-4.118963718,5.746687889
4.684800148,-5.493171692,4.997119904
-2.68619585,-4.806067944,2.748415947
2.373631954,-4.118963718,5.684224129
-7.058431625,-5.680563927,5.871615887
-3.24837184,-6.430131912,3.62291193
5.684224129,-5.618099689,7.308287621
2.311167955,-4.431283951,7.68307209
1.311743975,-3.369395971,6.371327877
0.437247992,-4.993459702,6.621183872
5.559295654,-4.743603706,6.871039867
3.060735941,-4.181427956,7.433216095
2.123775959,-6.11781168,7.24582386
0.187391996,-5.180851936,4.872191906
-5.496831894,-6.367667675,-7.807999611
-0.125172004,-6.804915905,3.685375929
2.123775959,-4.868531704,4.622335911
1.374207973,-3.994035959,3.248127937
-1.686771989,-5.992883682,2.748415947
7.495679855,-5.118387699,6.995967865
1.499135971,-5.992883682,7.058431625
-1.249523997,-3.93157196,5.496831894
0.624639988,-2.807219982,0.374783993
7.932928085,-3.306931973,-5.246975899
-2.748659849,-5.118387699,-5.309439659
5.246975899,-3.306931973,-3.310591936
6.871039867,-3.93157196,-3.685375929
-2.936051846,-4.743603706,6.933504105
6.871039867,-5.867955685,-6.371327877
7.620607853,-3.119539976,7.1833601
2.311167955,-5.180851936,6.059007645
2.436095953,-2.682291985,4.247551918
0.062463999,-5.992883682,5.684224129
1.249279976,-2.869683981,3.435519934
0,-5.118387699,3.060735941
0.062463999,-5.118387699,-7.058431625
7.620607853,-5.743027687,6.74611187
-2.311411858,-7.616947651,6.30886364
1.499135971,-4.243891716,3.935231924
2.123775959,-2.869683981,6.433792114
1.249279976,-3.93157196,7.620607853
2.561023951,-4.368819714,6.995967865
2.248703957,-3.119539976,5.559295654
5.434368134,-6.804915905,6.871039867
-1.999091983,-4.118963718,4.622335911
2.373631954,-5.305779934,5.371903896
4.434944153,-6.992307663,4.622335911
2.373631954,-2.557363987,2.810879946
1.311743975,-2.307507992,3.935231924
-0.125172004,-3.619251966,3.997695923
5.309439659,-6.679987907,4.747263908
6.371327877,-4.681139946,-5.871615887
-3.623155832,-5.243315697,-7.24582386
6.371327877,-5.118387699,-5.496831894
3.997695923,-5.618099689,6.496255875
-0.062707998,-2.744755983,6.871039867
4.747263908,-7.0547719,7.433216095
5.434368134,-4.806067944,-6.246399879
0.374783993,-5.430707932,3.12319994
3.310591936,-4.118963718,3.060735941
-1.62430799,-3.369395971,4.559871674
-0.187636003,-7.242163658,3.747839928
6.80857563,-4.868531704,5.559295654
-0.749812007,-5.118387699,4.247551918
-4.247796059,-3.057075977,3.685375929
-2.248947859,-1.745332003,7.558143616
-2.248947859,-5.180851936,5.059583664
-7.620607853,-4.556211948,3.935231924
0.874495983,-2.807219982,3.685375929
5.559295654,-5.055923939,4.310015678
0.187391996,7.87412405,5.559295654
-0.250099987,-5.305779934,1.624063969
1.124351978,-6.61752367,3.997695923
-2.811123848,7.062091827,-4.934656143
-5.371903896,-6.492595673,6.621183872
-4.372724056,-5.805491924,2.810879946
-2.623731852,-2.120115995,4.622335911
-5.122047901,-1.37054801,-2.873343945
-2.18648386,-3.369395971,-6.871039867
0.249855995,-5.493171692,6.121471882
6.121471882,-2.182579994,-6.621183872
-1.936627984,-6.242739677,6.995967865
-1.62430799,-7.492019653,0.062463999
5.309439659,-4.493747711,3.997695923
1.624063969,-7.117235661,3.747839928
-6.059251785,7.936587811,2.873343945
2.311167955,-4.056499958,4.934656143
-6.933747768,7.124556065,1.624063969
-0.437491983,-6.11781168,-7.558143616
7.058431625,-6.679987907,-5.059583664
-2.561267853,-1.682868004,-7.1833601
-2.248947859,0.441151977,6.183936119
6.121471882,-4.493747711,5.559295654
4.747263908,-1.557940006,-7.370751858
0.49971199,-6.055347919,-7.807999611
-4.685043812,-5.118387699,1.311743975
4.622335911,-1.557940006,4.934656143
-1.749235988,-5.368243694,1.811455965
-3.123443842,-6.11781168,4.247551918
7.620607853,7.624268055,7.120895863
-1.686771989,-5.743027687,3.560447931
-3.435763836,-3.119539976,7.620607853
2.436095953,-5.555635929,6.871039867
-3.373299837,-4.743603706,6.683648109
-1.124596,-6.55505991,7.558143616
4.809727669,-3.744179964,-6.371327877
-3.435763836,-4.868531704,6.121471882
-0.812276006,-4.930995941,6.558719635
-7.495679855,-7.492019653,-6.871039867
-3.060979843,-4.118963718,2.498559952
-1.999091983,-5.055923939,2.311167955
1.624063969,-6.11781168,3.373055935
4.12262392,-5.555635929,3.935231924
0.999423981,-4.368819714,6.30886364
-0.687348008,-6.992307663,5.496831894
0.874495983,-5.430707932,6.74611187
-0.749812007,-3.556787968,-7.68307209
-2.498803854,-3.057075977,-7.807999611
0.687103987,-1.495476007,-6.683648109
0.812031984,-5.180851936,-7.370751858
1.311743975,-3.744179964,-5.122047901
5.184512138,-1.058228016,-4.559871674
0.49971199,-6.055347919,6.871039867
3.997695923,-6.679987907,4.497407913
5.559295654,-3.306931973,5.496831894
2.498559952,-4.806067944,3.248127937
-2.311411858,-5.680563927,2.06131196
2.935807943,-6.055347919,2.810879946
-0.125172004,7.499340057,2.186239958
-0.499955982,-5.493171692,3.872767925
3.12319994,-5.118387699,7.120895863
-2.748659849,-2.869683981,4.372479916
0.999423981,-4.743603706,7.558143616
-0.375027984,-5.555635929,-7.120895863
1.936383963,-3.057075977,-7.120895863
2.311167955,-4.181427956,7.433216095
3.060735941,-6.992307663,6.621183872
1.436671972,-3.057075977,6.183936119
3.62291193,-4.056499958,3.62291193
2.186239958,-6.61752367,3.060735941
2.373631954,-3.806643963,2.623487949
4.809727669,-5.680563927,3.747839928
0.749567986,-7.991731644,4.497407913
1.249279976,-6.055347919,2.998271942
0.249855995,6.93716383,3.12319994
2.561023951,-5.430707932,6.183936119
-3.24837184,-1.557940006,6.059007645
1.186815977,-4.868531704,6.558719635
-1.311987996,-5.493171692,6.183936119
5.434368134,-2.494899988,-4.622335911
-4.310259819,-1.308084011,6.933504105
-0.187636003,-5.618099689,6.183936119
7.807999611,-5.430707932,5.184512138
1.124351978,-2.619827986,3.310591936
1.936383963,-3.93157196,2.311167955
2.06131196,-7.179699898,3.310591936
0,-7.991731644,3.497983932
1.186815977,-4.681139946,3.747839928
1.873919964,-6.305203915,4.247551918
-3.435763836,-5.805491924,1.56159997
0.374783993,-3.244467974,6.30886364
1.998847961,-4.806067944,-7.870463848
-0.125172004,-4.868531704,-7.495679855
-2.061555862,-5.055923939,4.997119904
3.497983932,-3.119539976,-7.932928085
-0.250099987,-6.492595673,5.122047901
4.247551918,-5.992883682,2.06131196
-0.250099987,-3.744179964,2.623487949
-2.68619585,-3.806643963,1.811455965
2.123775959,-5.618099689,7.620607853
-0.125172004,-1.932723999,7.620607853
0.812031984,-4.743603706,5.871615887
-2.623731852,-6.55505991,4.372479916
7.120895863,-5.618099689,4.12262392
4.247551918,-5.305779934,-7.370751858
-7.246068001,-3.306931973,1.624063969
1.56159997,-4.993459702,2.810879946
7.120895863,-2.120115995,6.683648109
-0.624884009,-4.556211948,6.30886364
0.312319994,-5.118387699,7.495679855
5.371903896,-2.432435989,5.871615887
0.312319994,-2.994611979,3.310591936
1.311743975,-5.743027687,3.248127937
5.059583664,-7.179699898,6.246399879
-1.187059999,6.874700069,7.308287621
5.434368134,-3.869107962,-5.434368134
3.810303926,-5.743027687,3.810303926
-3.435763836,7.561803818,-7.120895863
-7.120895863,-7.0547719,-6.121471882
-0.499955982,-6.242739677,6.496255875
-1.999091983,-1.995187998,3.060735941
-0.999668002,-7.616947651,1.686527967
4.997119904,-7.492019653,4.809727669
5.934080124,-4.431283951,-7.058431625
-4.934899807,-4.993459702,4.559871674
1.873919964,-3.182003975,5.809151649
4.622335911,-5.493171692,7.558143616
0.874495983,-6.55505991,6.433792114
-7.620607853,-3.681715965,-4.747263908
2.873343945,-3.494323969,5.184512138
-0.437491983,-6.305203915,-7.495679855
-5.996543884,-5.680563927,-4.934656143
4.809727669,-4.930995941,-7.745535851
-4.497652054,-5.867955685,4.872191906
0.936959982,-6.305203915,3.62291193
-7.495679855,-5.180851936,-5.559295654
-3.997939825,-3.306931973,-7.620607853
4.809727669,-3.93157196,6.933504105
4.747263908,-3.619251966,5.496831894
3.373055935,-4.181427956,4.622335911
0.812031984,-6.367667675,6.496255875
-4.310259819,-4.556211948,2.748415947
4.622335911,-4.868531704,5.059583664
0.312319994,-6.992307663,7.807999611
-7.058431625,-6.679987907,-5.934080124
7.620607853,-4.243891716,7.620607853
-4.809971809,-6.929843903,5.684224129
5.934080124,7.686731815,7.058431625
-6.371327877,7.811659813,7.1833601
-6.996212006,-3.93157196,0.249855995
6.183936119,-4.181427956,1.936383963
4.497407913,-3.744179964,7.433216095
-2.18648386,-4.368819714,2.685951948
4.372479916,-4.993459702,7.870463848
7.24582386,-4.368819714,-5.746687889
-3.435763836,-3.057075977,-7.495679855
2.498559952,-2.619827986,6.683648109
2.685951948,-6.367667675,6.74611187
3.12319994,-7.0547719,7.807999611
2.498559952,-7.117235661,-5.246975899
-5.122292042,-4.181427956,6.121471882
6.30886364,-5.055923939,-7.995391846
-1.187059999,7.561803818,7.370751858
-0.687348008,-7.367091656,6.995967865
2.123775959,-5.743027687,3.12319994
-0.812276006,-3.057075977,1.374207973
3.310591936,-5.493171692,2.311167955
7.308287621,-1.120692015,2.935807943
1.311743975,-7.492019653,5.996543884
0.437247992,-6.242739677,7.058431625
-1.062132001,-1.87026,4.247551918
-5.934323788,-3.244467974,2.561023951
2.685951948,7.43687582,5.559295654
3.997695923,-7.679411888,7.120895863
-4.809971809,-4.618675709,1.936383963
3.497983932,-7.242163658,4.372479916
5.621759892,7.187019825,-6.871039867
5.122047901,-7.179699898,4.247551918
0.812031984,-7.679411888,2.561023951
-2.436339855,-5.930419922,3.872767925
1.311743975,-5.305779934,4.684800148
-2.248947859,-3.93157196,2.873343945
-6.371572018,-3.994035959,0.187391996
4.185088158,-2.994611979,7.807999611
0.374783993,-6.430131912,5.996543884
3.685375929,-5.055923939,4.247551918
2.311167955,-3.182003975,-6.183936119
3.810303926,-5.243315697,5.684224129
1.499135971,-7.679411888,5.684224129
1.499135971,-4.743603706,5.059583664
5.184512138,-7.616947651,7.058431625
4.434944153,5.438027859,7.558143616
3.435519934,7.561803818,5.059583664
-3.498227835,-5.118387699,3.185663939
3.497983932,-5.368243694,1.499135971
-0.937204003,6.874700069,5.871615887
5.122047901,6.125132084,7.620607853
-2.998515844,-5.992883682,-7.68307209
0.999423981,-3.057075977,5.496831894
-7.058431625,-5.743027687,-3.248127937
-1.686771989,-5.743027687,-4.747263908
7.495679855,-3.93157196,-2.685951948
4.060159683,-5.805491924,6.871039867
2.935807943,-2.432435989,5.246975899
4.185088158,-6.867379665,5.746687889
0.312319994,-7.429555893,3.310591936
2.311167955,-5.430707932,3.560447931
-1.999091983,-7.679411888,1.436671972
-5.122292042,-7.304627895,2.311167955
-0.375027984,-4.681139946,3.747839928
-2.936051846,-6.492595673,1.124351978
-4.122868061,-2.93214798,2.998271942
4.497407913,-3.43185997,6.995967865
-3.373299837,-4.618675709,5.746687889
0.374783993,-4.993459702,6.371327877
3.497983932,-3.43185997,-6.683648109
-2.936051846,-4.243891716,-7.745535851
-1.999091983,-6.11781168,-7.932928085
3.373055935,-3.619251966,-5.871615887
-1.311987996,-5.118387699,7.745535851
0.936959982,-5.555635929,1.311743975
0.624639988,7.37441206,1.56159997
3.060735941,-4.306355953,1.56159997
-2.436339855,-7.554483891,0.49971199
-5.497076035,-6.430131912,1.56159997
5.309439659,-5.243315697,5.371903896
-5.3096838,-6.992307663,3.62291193
-1.249523997,-4.618675709,7.120895863
5.246975899,-4.181427956,-7.308287621
-3.060979843,-5.368243694,7.433216095
0.624639988,-2.744755983,-6.74611187
2.373631954,-2.807219982,-5.059583664
-1.749235988,-2.057651997,7.120895863
-3.123443842,-5.430707932,4.310015678
7.1833601,-4.556211948,4.747263908
-0.312563986,-5.305779934,7.433216095
-0.624884009,-1.37054801,4.372479916
4.247551918,5.125708103,5.434368134
-1.561843991,4.938315868,7.495679855
-4.060403824,-4.806067944,1.686527967
1.06188798,-3.494323969,4.12262392
1.124351978,-4.681139946,4.185088158
3.435519934,-4.056499958,-6.059007645
-0.499955982,-6.11781168,-6.183936119
4.997119904,-2.432435989,-4.434944153
-0.687348008,-3.119539976,-7.620607853
-2.436339855,-3.994035959,5.059583664
6.371327877,-4.118963718,-6.121471882
1.311743975,-7.0547719,6.871039867
-0.499955982,-5.180851936,3.12319994
2.373631954,-4.556211948,4.434944153
-6.121716022,-4.368819714,0.812031984
-2.68619585,-7.929267883,2.623487949
4.372479916,-5.618099689,5.684224129
-3.997939825,-4.681139946,5.309439659
-3.185907841,-0.371123999,4.684800148
-7.807999611,-3.494323969,-6.74611187
-1.749235988,-2.682291985,6.433792114
1.499135971,-2.432435989,-5.434368134
2.436095953,-3.869107962,-2.810879946
1.811455965,-2.869683981,-3.935231924
3.310591936,-4.806067944,6.683648109
-1.436915994,-7.117235661,4.247551918
7.932928085,-7.304627895,4.684800148
4.684800148,-5.992883682,2.935807943
-1.874163985,-3.744179964,0.999423981
3.12319994,-4.993459702,3.935231924
5.496831894,7.187019825,3.997695923
-0.999668002,-7.554483891,1.56159997
5.684224129,-3.556787968,4.872191906
-5.996788025,-4.243891716,4.809727669
-1.187059999,-5.867955685,5.871615887
7.870463848,-5.867955685,-5.934080124
-3.623155832,-5.118387699,6.933504105
-4.372724056,-4.306355953,6.80857563
3.810303926,-2.494899988,-7.932928085
1.186815977,-4.243891716,-7.620607853
-0.562420011,-1.058228016,-6.30886364
-1.187059999,-3.494323969,-7.308287621
0.936959982,-4.056499958,-5.684224129
4.559871674,-5.992883682,4.684800148
-1.62430799,-7.242163658,0.062463999
3.12319994,-5.930419922,4.747263908
0.812031984,-6.867379665,2.498559952
-0.999668002,-5.243315697,2.436095953
2.06131196,-5.055923939,5.246975899
5.621759892,-3.306931973,-3.497983932
-1.686771989,-5.055923939,-7.932928085
3.310591936,-2.120115995,-5.996543884
6.433792114,-3.806643963,-6.74611187
-4.435187817,-4.493747711,-6.496255875
6.621183872,-4.056499958,-6.183936119
5.684224129,-6.055347919,6.371327877
0,-5.305779934,2.998271942
7.620607853,-4.243891716,5.434368134
4.434944153,-1.995187998,-5.559295654
-3.310835838,-6.929843903,-6.121471882
-0.000244,-6.11781168,7.558143616
2.436095953,-3.681715965,5.871615887
0.374783993,-3.556787968,6.558719635
0.312319994,-4.306355953,2.998271942
-1.436915994,-6.492595673,3.185663939
4.997119904,-6.367667675,3.560447931
-6.558719635,-6.055347919,3.872767925
-1.561843991,-4.743603706,2.810879946
5.496831894,-5.430707932,3.997695923
4.060159683,-4.368819714,7.870463848
-1.187059999,-2.619827986,6.246399879
6.059007645,-4.493747711,-6.621183872
-1.561843991,-2.494899988,7.370751858
-2.248947859,-3.619251966,-7.995391846
4.185088158,-4.743603706,-6.496255875
-1.436915994,-1.682868004,5.434368134
0.062463999,-4.930995941,5.371903896
4.185088158,-6.242739677,4.934656143
2.561023951,-4.930995941,5.934080124
-0.874740005,-4.306355953,2.998271942
6.80857563,-7.367091656,5.184512138
1.748991966,-6.11781168,2.935807943
5.059583664,-3.869107962,5.122047901
-2.498803854,-4.743603706,2.810879946
7.058431625,-3.119539976,7.745535851
5.809151649,-2.432435989,-7.870463848
-0.437491983,-5.493171692,-7.870463848
3.997695923,-4.806067944,-7.870463848
2.685951948,-6.55505991,-7.870463848
0.124927998,-3.994035959,3.997695923
3.060735941,-5.618099689,6.059007645
1.186815977,-5.430707932,5.246975899
2.248703957,-5.493171692,3.810303926
3.497983932,-7.117235661,4.997119904
3.185663939,-7.0547719,3.12319994
3.685375929,-4.930995941,3.685375929
1.936383963,-5.368243694,4.747263908
-0.624884009,-3.93157196,4.559871674
0.312319994,-4.493747711,7.24582386
-0.874740005,-3.744179964,5.059583664
4.622335911,-2.245043993,-7.24582386
3.248127937,-3.556787968,-3.560447931
0.062463999,-5.118387699,-7.558143616
5.496831894,-4.431283951,-5.934080124
4.684800148,-5.493171692,7.807999611
0.749567986,-3.119539976,5.684224129
4.247551918,-6.180275917,6.30886364
-1.187059999,-7.866803646,3.310591936
3.997695923,-4.930995941,4.622335911
-1.062132001,-3.994035959,3.935231924
2.373631954,-6.867379665,5.684224129
3.373055935,-4.431283951,5.996543884
1.436671972,-3.93157196,7.370751858
-2.936051846,-3.556787968,6.183936119
0.812031984,-5.430707932,7.120895863
-0.874740005,-6.929843903,7.68307209
-0.250099987,-5.493171692,6.30886364
5.871615887,-5.243315697,6.30886364
-4.622580051,6.812235832,5.122047901
5.996543884,-7.492019653,7.1833601
5.309439659,-5.743027687,7.433216095
0.312319994,-5.867955685,3.560447931
5.122047901,-5.430707932,7.308287621
5.122047901,-5.430707932,7.120895863
-0.499955982,-2.807219982,5.684224129
-0.375027984,-2.307507992,6.683648109
-3.560691833,-2.369971991,7.870463848
2.561023951,-3.806643963,-6.621183872
-1.936627984,-4.618675709,7.558143616
-1.311987996,-1.620404005,6.995967865
6.371327877,-5.118387699,6.246399879
-0.624884009,-5.680563927,4.185088158
0.374783993,-4.681139946,4.872191906
5.059583664,-4.930995941,2.998271942
-1.874163985,-3.556787968,5.122047901
-1.936627984,-6.11781168,4.185088158
6.558719635,-4.368819714,7.932928085
0.249855995,-5.680563927,4.997119904
-0.749812007,-2.807219982,-7.370751858
4.12262392,-4.868531704,6.558719635
-4.872436047,-4.681139946,4.372479916
2.436095953,-4.306355953,6.871039867
-0.687348008,-3.994035959,4.684800148
4.622335911,-2.245043993,6.74611187
-2.373875856,-7.429555893,6.558719635
1.56159997,7.749196053,5.371903896
7.370751858,-5.992883682,5.309439659
-0.937204003,-4.993459702,3.997695923
-1.62430799,-7.117235661,1.124351978
-7.995391846,-6.430131912,6.371327877
-0.812276006,-4.806067944,3.560447931
-0.812276006,-3.93157196,6.30886364
4.060159683,-3.93157196,6.683648109
-5.122292042,-4.368819714,4.247551918
-3.560691833,-3.43185997,6.30886364
1.06188798,-4.243891716,5.184512138
-4.685043812,-4.556211948,5.809151649
-4.497652054,-6.367667675,2.935807943
-2.998515844,-6.242739677,6.433792114
-7.558143616,-5.618099689,5.809151649
2.623487949,7.499340057,5.246975899
-7.246068001,-5.305779934,6.371327877
-1.499379992,-6.804915905,7.370751858
0.49971199,-3.43185997,6.995967865
4.934656143,-2.93214798,-5.309439659
0.812031984,-5.743027687,5.246975899
5.996543884,-5.368243694,-7.495679855
5.434368134,-5.305779934,6.371327877
-2.061555862,-4.056499958,6.933504105
2.810879946,-6.679987907,6.558719635
2.561023951,-1.495476007,6.121471882
-2.561267853,-4.306355953,2.186239958
6.558719635,-6.742451668,-7.370751858
4.809727669,-7.304627895,-5.059583664
-0.062707998,-5.992883682,7.932928085
6.183936119,-7.741875648,6.183936119
5.246975899,-7.741875648,3.872767925
-0.999668002,-5.743027687,0.624639988
3.060735941,-2.494899988,4.434944153
6.30886364,-3.306931973,-7.495679855
-2.623731852,-6.11781168,-6.246399879
3.373055935,-4.181427956,-5.371903896
1.06188798,-5.493171692,5.371903896
5.059583664,-2.057651997,5.934080124
-1.311987996,-6.804915905,3.060735941
4.185088158,-6.55505991,-7.1833601
4.747263908,-6.11781168,5.871615887
-3.498227835,-7.492019653,3.12319994
1.56159997,7.187019825,4.872191906
7.745535851,-5.743027687,2.810879946
3.747839928,-6.367667675,5.684224129
5.246975899,-5.305779934,6.871039867
0,-7.429555893,-6.80857563
7.870219707,-7.429555893,6.621183872
-1.436915994,-3.994035959,6.80857563
7.932928085,-4.118963718,7.058431625
1.936383963,-5.305779934,4.809727669
-7.24582386,-7.866803646,-6.121471882
4.247551918,-3.556787968,7.870463848
1.311743975,-1.557940006,7.870463848
-0.437491983,-5.805491924,-7.433216095
-0.125172004,6.187595844,6.30886364
1.374207973,-5.055923939,5.184512138
0.249855995,-6.929843903,4.997119904
-3.560691833,-5.930419922,3.12319994
6.121471882,-6.929843903,7.1833601
-3.435763836,-6.804915905,-1.561843991
1.936383963,-6.055347919,2.561023951
-0.312563986,-4.556211948,-7.870463848
3.62291193,-2.619827986,5.559295654
1.186815977,-6.992307663,5.434368134
1.436671972,-6.430131912,4.559871674
1.124351978,-4.243891716,6.80857563
0.936959982,-6.180275917,-7.620607853
-0.624884009,-5.555635929,5.122047901
-1.249523997,-1.620404005,7.24582386
0.624639988,-5.555635929,-7.995391846
0.437247992,-6.492595673,6.80857563
2.685951948,-2.93214798,-6.74611187
2.685951948,-6.867379665,-7.370751858
-2.998515844,-5.555635929,4.559871674
-7.058431625,-6.742451668,7.058431625
-5.247220039,-5.680563927,4.185088158
-4.122868061,-4.556211948,7.1833601
-5.746687889,-5.430707932,4.997119904
2.873343945,-4.368819714,4.997119904
3.248127937,-3.994035959,6.558719635
2.623487949,7.87412405,4.809727669
5.246975899,-5.493171692,6.371327877
0.687103987,-5.305779934,5.496831894
-4.435187817,-7.866803646,3.560447931
3.248127937,-3.806643963,3.810303926
2.186239958,-6.305203915,4.934656143
-0.499955982,-7.492019653,7.807999611
1.436671972,-6.742451668,3.310591936
-5.3096838,-7.429555893,5.684224129
-1.187059999,-6.804915905,6.371327877
0.624639988,-4.306355953,4.684800148
1.624063969,-7.0547719,3.810303926
-1.811699986,-5.930419922,3.560447931
5.059583664,-1.308084011,5.996543884
-1.062132001,-5.180851936,4.185088158
-0.312563986,-3.306931973,5.934080124
-7.308287621,-5.493171692,-6.74611187
0.374783993,-2.869683981,4.247551918
1.56159997,-4.493747711,6.496255875
1.06188798,-6.055347919,6.496255875
5.059583664,-6.679987907,6.121471882
6.246399879,-4.806067944,6.74611187
0.374783993,-6.61752367,4.809727669
3.872767925,-5.055923939,4.934656143
5.621759892,-5.493171692,7.745535851
-3.310835838,-5.493171692,4.622335911
5.246975899,-0.558515966,3.747839928
2.311167955,-4.306355953,6.995967865
-0.062707998,-7.0547719,7.932928085
7.058431625,0.940863967,7.308287621
-2.061555862,-2.869683981,4.247551918
-0.812276006,-2.307507992,5.059583664
1.311743975,-7.991731644,6.995967865
1.873919964,-5.805491924,6.183936119
0.437247992,-5.055923939,5.434368134
-2.811123848,7.624268055,4.934656143
-1.124596,6.874700069,5.246975899
4.497407913,-4.930995941,5.559295654
-1.499379992,-3.119539976,1.811455965
5.996543884,-3.681715965,-6.246399879
2.498559952,-6.992307663,6.80857563
5.809151649,-4.243891716,7.558143616
-3.435763836,-2.994611979,5.434368134
0.249855995,-3.681715965,5.059583664
-0.125172004,-3.494323969,3.747839928
-1.311987996,-3.619251966,3.872767925
4.185088158,7.311947823,7.24582386
-4.872436047,-6.867379665,1.748991966
3.060735941,-4.993459702,4.872191906
3.810303926,-4.306355953,4.185088158
-3.24837184,-3.43185997,3.685375929
-2.811123848,-5.930419922,3.685375929
3.810303926,-4.618675709,-7.932928085
4.872191906,-2.869683981,4.872191906
1.124351978,0.378687978,5.309439659
0.187391996,-5.867955685,6.683648109
5.184512138,-4.368819714,-7.24582386
0,-6.992307663,6.433792114
-1.249523997,-4.806067944,5.996543884
4.559871674,-3.244467974,-7.495679855
-6.059251785,-6.929843903,1.686527967
3.62291193,-7.117235661,4.872191906
2.498559952,-4.493747711,4.747263908
-4.997364044,-3.43185997,1.811455965
-5.80939579,-4.556211948,3.872767925
6.683648109,-5.305779934,-7.932928085
-0.874740005,-3.619251966,5.371903896
7.870219707,-5.867955685,5.684224129
7.120895863,-4.993459702,6.246399879
-3.373299837,-1.058228016,6.246399879
-1.811699986,-4.368819714,0.874495983
2.935807943,-6.430131912,1.748991966
7.932683945,-4.306355953,1.624063969
-1.999091983,-3.869107962,5.809151649
7.495679855,-6.867379665,6.683648109
0.874495983,-6.992307663,5.246975899
4.310015678,-3.806643963,6.183936119
-1.124596,-5.430707932,2.998271942
2.123775959,-2.994611979,4.310015678
-1.62430799,-5.180851936,6.246399879
-0.562420011,-6.305203915,5.496831894
7.620607853,-4.181427956,-7.24582386
-2.998515844,-4.306355953,6.933504105
-1.62430799,-3.619251966,4.934656143
4.997119904,-6.305203915,5.371903896
0.124927998,-5.118387699,6.683648109
1.124351978,-4.243891716,5.496831894
3.62291193,-2.120115995,7.308287621
-0.624884009,-7.0547719,4.559871674
-3.24837184,-6.11781168,4.434944153
5.934080124,-5.680563927,6.371327877
-1.749235988,6.874700069,6.246399879
-2.436339855,-6.55505991,5.434368134
2.186239958,-5.243315697,5.059583664
-3.873011827,-4.306355953,4.247551918
-5.247220039,-6.742451668,2.06131196
3.810303926,-7.367091656,-7.745535851
-0.687348008,-3.057075977,7.495679855
3.997695923,-3.119539976,5.246975899
-5.184755802,-5.368243694,3.497983932
7.1833601,-4.118963718,5.684224129
-1.187059999,-5.867955685,2.998271942
-2.248947859,-4.243891716,6.933504105
1.873919964,-1.557940006,-5.434368134
-4.560115814,-6.992307663,6.246399879
-1.436915994,6.687307835,7.308287621
-5.371903896,-5.243315697,5.996543884
-3.74808383,-4.368819714,2.748415947
6.808331966,-6.742451668,2.373631954
4.372479916,-5.243315697,-7.870463848
-2.998515844,-6.11781168,6.74611187
-4.560115814,-5.180851936,4.310015678
3.060735941,-4.618675709,-6.871039867
-5.434611797,-2.994611979,3.497983932
0,-3.681715965,4.997119904
4.559871674,-6.180275917,-6.995967865
1.06188798,-6.242739677,7.932928085
1.748991966,-5.305779934,3.810303926
0.374783993,5.375564098,4.872191906
0.124927998,-7.679411888,5.559295654
7.495679855,-6.55505991,5.871615887
-2.68619585,-7.179699898,3.248127937
6.74611187,-2.369971991,7.24582386
0.187391996,-3.119539976,5.684224129
-0.187636003,-5.680563927,2.810879946
4.684800148,-4.743603706,7.807999611
-1.749235988,-3.619251966,-7.370751858
1.186815977,-3.244467974,-5.746687889
-1.62430799,-2.807219982,4.185088158
-4.122868061,-4.431283951,2.748415947
1.686527967,-5.430707932,-7.495679855
-2.561267853,-4.556211948,0
4.747263908,-4.556211948,2.186239958
-0.812276006,-5.555635929,6.059007645
5.621759892,-3.619251966,5.809151649
5.996543884,-5.368243694,-7.1833601
-5.434611797,-5.368243694,4.060159683
6.683648109,-5.180851936,7.370751858
3.310591936,-4.868531704,3.747839928
2.06131196,-4.556211948,2.623487949
-0.125172004,-7.429555893,3.373055935
0.437247992,7.686731815,3.373055935
3.373055935,-3.43185997,4.997119904
-0.937204003,-5.493171692,7.495679855
0.124927998,-6.679987907,7.870463848
2.06131196,-1.557940006,-5.621759892
1.124351978,-4.930995941,7.1833601
1.998847961,-2.869683981,7.68307209
-0.312563986,-3.119539976,7.558143616
1.436671972,-3.93157196,7.370751858
1.624063969,-4.806067944,-6.995967865
-1.874163985,-4.181427956,3.747839928
-1.561843991,-5.930419922,5.621759892
-4.622580051,-4.056499958,4.060159683
6.683648109,-5.118387699,7.308287621
-4.247796059,-5.555635929,6.558719635
-1.311987996,7.749196053,0.874495983
3.185663939,-5.618099689,3.310591936
-1.499379992,-6.055347919,3.310591936
2.748415947,-5.055923939,4.12262392
1.374207973,-2.369971991,5.496831894
2.561023951,-2.619827986,5.309439659
-0.000244,-3.619251966,5.996543884
-0.562420011,-4.618675709,4.434944153
0.374783993,-2.557363987,6.496255875
2.623487949,-6.367667675,-6.059007645
-1.499379992,-7.804339886,3.997695923
4.12262392,-2.93214798,6.183936119
0.874495983,7.686731815,5.746687889
3.12319994,-7.554483891,6.371327877
1.873919964,-6.929843903,7.433216095
0.187391996,-7.866803646,2.685951948
0.187391996,7.43687582,4.060159683
-0.125172004,-4.806067944,5.871615887
-2.311411858,-6.180275917,3.373055935
-0.499955982,-2.619827986,5.246975899
1.998847961,-5.992883682,-7.68307209
-2.248947859,-6.055347919,2.748415947
-0.812276006,-4.930995941,6.183936119
-1.936627984,-4.056499958,3.685375929
5.184512138,-7.367091656,4.310015678
-1.936627984,-6.11781168,3.62291193
-2.248947859,-6.742451668,1.998847961
1.998847961,-4.868531704,3.060735941
-3.810547829,-6.305203915,5.246975899
-3.935475826,-5.305779934,6.496255875
4.310015678,-4.368819714,7.433216095
-1.436915994,-4.743603706,3.435519934
-1.374451995,-2.494899988,7.433216095
2.685951948,-1.995187998,-7.433216095
-1.062132001,-6.430131912,-7.308287621
1.748991966,-6.242739677,-7.995391846
3.435519934,-0.808371961,-7.058431625
-2.436339855,-3.869107962,-7.558143616
-3.623155832,-6.305203915,5.996543884
3.560447931,-7.179699898,-6.30886364
-0.499955982,-4.743603706,7.120895863
1.811455965,-3.994035959,6.558719635
1.311743975,7.561803818,0.562175989
2.373631954,-6.679987907,3.310591936
4.185088158,-4.556211948,1.249279976
-2.311411858,-4.431283951,2.186239958
4.247551918,-5.055923939,4.684800148
4.372479916,-5.243315697,5.122047901
-1.999091983,-3.494323969,5.434368134
4.747263908,-5.680563927,7.1833601
-2.498803854,-4.243891716,4.809727669
-2.061555862,-2.744755983,4.497407913
5.434368134,-3.806643963,6.183936119
-1.124596,-6.11781168,7.807999611
-1.499379992,-7.242163658,3.685375929
7.558143616,-6.929843903,5.371903896
-4.685043812,-4.681139946,1.124351978
-3.623155832,-5.368243694,2.810879946
3.373055935,-5.805491924,3.248127937
-0.187636003,-4.493747711,4.434944153
2.248703957,-3.494323969,5.934080124
-1.874163985,-4.306355953,6.246399879
0.312319994,-2.057651997,5.621759892
5.434368134,-4.118963718,-5.809151649
-2.373875856,-6.492595673,5.746687889
5.934080124,-4.431283951,-7.120895863
2.498559952,-5.305779934,5.871615887
-1.374451995,-5.243315697,6.995967865
7.745535851,-7.991731644,-6.059007645
7.68307209,-5.992883682,-7.807999611
-1.499379992,-7.0547719,4.684800148
3.935231924,-6.929843903,7.058431625
-2.936051846,-4.806067944,1.436671972
-5.247220039,-4.431283951,2.123775959
6.246399879,-4.243891716,6.558719635
1.624063969,-1.245620012,5.934080124
1.873919964,-4.993459702,5.809151649
-1.249523997,-3.994035959,6.621183872
2.123775959,-2.93214798,-7.807999611
2.498559952,-6.867379665,3.62291193
1.686527967,-4.431283951,3.560447931
1.06188798,-7.554483891,3.685375929
-1.124596,-5.743027687,5.246975899
-0.812276006,-6.992307663,3.997695923
-1.374451995,-4.618675709,3.373055935
-0.437491983,-4.930995941,6.683648109
-2.18648386,-2.744755983,7.120895863
-5.372148037,-5.555635929,4.872191906
4.559871674,-1.807796001,7.1833601
0.312319994,-3.744179964,-7.995391846
0.374783993,-3.369395971,7.807999611
6.683648109,-3.994035959,-5.059583664
-0.562420011,-6.305203915,6.80857563
2.248703957,-5.305779934,-7.995391846
-0.562420011,-6.180275917,3.747839928
3.997695923,-6.242739677,4.934656143
2.810879946,7.43687582,5.496831894
-0.874740005,-4.056499958,2.873343945
2.561023951,-7.492019653,2.685951948
3.872767925,-5.368243694,2.873343945
-2.561267853,-2.619827986,2.248703957
-0.937204003,-4.368819714,7.68307209
-3.24837184,-6.929843903,2.748415947
3.560447931,-4.431283951,5.371903896
6.74611187,-2.619827986,-4.684800148
-0.749812007,-3.43185997,6.183936119
-2.873587847,-2.682291985,4.060159683
7.1833601,-5.555635929,4.997119904
2.561023951,-7.0547719,5.246975899
-4.372724056,-6.929843903,1.56159997
-3.935475826,1.31564796,3.497983932
1.873919964,-7.991731644,4.684800148
-6.683648109,3.876427889,1.748991966
1.998847961,-7.929267883,-0.000244
-4.247796059,-7.866803646,2.248703957
7.370751858,-4.743603706,5.996543884
2.998271942,-7.429555893,-5.996543884
1.748991966,7.37441206,6.621183872
6.995967865,7.811659813,3.62291193
3.060735941,-3.806643963,-7.370751858
-6.683648109,-4.556211948,6.683648109
6.059007645,-5.867955685,6.871039867
1.936383963,7.749196053,5.996543884
4.434944153,5.313099861,3.560447931
-4.747508049,-5.055923939,3.685375929
1.748991966,-6.55505991,-3.498227835
-7.870463848,-4.743603706,5.184512138
2.561023951,2.564683914,1.873919964
7.807755947,-5.493171692,2.748415947
1.873919964,-3.244467974,4.997119904
0.562175989,-3.244467974,6.496255875
0.312319994,6.999628067,5.621759892
-6.558963776,-2.744755983,6.933504105
5.309439659,-5.743027687,-6.933504105
-4.559871674,-1.183156013,-5.184512138
2.06131196,-4.868531704,-7.1833601
-1.686771989,-2.682291985,6.995967865
-5.996543884,-7.616947651,6.80857563
-1.187059999,6.93716383,6.246399879
2.935807943,-4.056499958,3.560447931
-5.059583664,-7.616947651,1.499135971
-0.250099987,7.87412405,4.622335911
1.998847961,-7.804339886,-1.999091983
3.935231924,-6.679987907,5.559295654
-3.123443842,-6.180275917,-7.1833601
1.374207973,-7.242163658,-7.1833601
-3.74808383,-5.805491924,7.932928085
0.124927998,-6.430131912,4.934656143
-5.559295654,-1.620404005,7.870463848
1.873919964,-2.807219982,-7.058431625
0.124927998,-0.308660001,-5.996543884
0.374783993,-3.556787968,7.370751858
7.745535851,-3.744179964,6.121471882
3.060735941,-7.929267883,-6.995967865
-4.185331821,-6.305203915,-1.187059999
0.936959982,-1.433012009,5.684224129
2.935807943,-6.492595673,7.620607853
-1.249523997,3.439179897,-0.312563986
-0.375027984,-6.180275917,5.621759892
3.373055935,-4.181427956,-6.371327877
-4.997364044,-4.556211948,6.871039867
0.687103987,-7.492019653,-7.1833601
-3.060735941,-3.619251966,-7.058431625
2.06131196,-0.808371961,-7.995391846
-1.124596,-3.182003975,3.872767925
-7.932928085,-6.492595673,-4.684800148
5.059583664,4.75092411,1.873919964
4.747263908,-5.430707932,3.872767925
-2.498803854,-4.743603706,-0.624884009
-1.062132001,-4.556211948,3.872767925
-5.746687889,-6.804915905,2.248703957
-0.250099987,7.624268055,0.437247992
1.436671972,7.686731815,0.999423981
-5.559539795,-4.181427956,5.809151649
6.30886364,7.936587811,5.684224129
